ipc_subclass,bi_count,bi_psb_count,bi_average_precision,bi_precision@100,bi_precision@200,bi_precision@500,rf_count,rf_psb_count,rf_average_precision,rf_precision@100,rf_precision@200,rf_precision@500,xgb_count,xgb_psb_count,xgb_average_precision,xgb_precision@100,xgb_precision@200,xgb_precision@500,beauty_count,beauty_psb_count,beauty_average_precision,beauty_precision@100,beauty_precision@200,beauty_precision@500,bi_precision@55,bi_precision@186,bi_precision@202,bi_precision@99,bi_precision@64,bi_precision@153,bi_precision@110,bi_precision@460,bi_precision@57,bi_precision@86,bi_precision@103,bi_precision@206,bi_precision@63,bi_precision@204,bi_precision@139,bi_precision@330,bi_precision@322,bi_precision@183,bi_precision@261,bi_precision@214,bi_precision@361,bi_precision@182,bi_precision@50,bi_precision@398,bi_precision@397,bi_precision@405,bi_precision@56,bi_precision@113,bi_precision@89,bi_precision@140,bi_precision@452,bi_precision@219,bi_precision@98,bi_precision@120,bi_precision@491,bi_precision@159,bi_precision@161,bi_precision@403,bi_precision@482,bi_precision@174,bi_precision@278,bi_precision@88,bi_precision@158,bi_precision@51,bi_precision@114,bi_precision@175,bi_precision@129,bi_precision@344,bi_precision@338,bi_precision@62,bi_precision@327,bi_precision@329,bi_precision@127,bi_precision@69,bi_precision@228,bi_precision@451,bi_precision@376,bi_precision@181,bi_precision@91,bi_precision@237,bi_precision@126,bi_precision@77,bi_precision@78,bi_precision@454,bi_precision@166,bi_precision@291,bi_precision@383,bi_precision@247,bi_precision@75,bi_precision@230,bi_precision@457,bi_precision@124,bi_precision@471,bi_precision@351,bi_precision@95,bi_precision@130,bi_precision@465,bi_precision@218,bi_precision@167,bi_precision@281,bi_precision@79,bi_precision@133,bi_precision@104,bi_precision@87,bi_precision@197,bi_precision@66,bi_precision@233,bi_precision@101,bi_precision@122,bi_precision@368,bi_precision@472,bi_precision@94,bi_precision@225,bi_precision@106,bi_precision@102,bi_precision@374,bi_precision@257,bi_precision@402,bi_precision@459,bi_precision@171,bi_precision@380,bi_precision@58,bi_precision@370,bi_precision@52,bi_precision@72,bi_precision@142,bi_precision@270,bi_precision@128,bi_precision@152,bi_precision@149,bi_precision@60,bi_precision@377,bi_precision@81,bi_precision@267,bi_precision@185,bi_precision@431,bi_precision@409,bi_precision@408,bi_precision@244,bi_precision@196,bi_precision@80,bi_precision@131,bi_precision@54,bi_precision@163,bi_precision@424,bi_precision@59,bi_precision@168,bi_precision@495,bi_precision@115,bi_precision@193,bi_precision@234,bi_precision@435,bi_precision@177,bi_precision@388,bi_precision@498
G01N,3093,7.0,0.0022631749110895573,0.01,0.01,0.004,3093,7.0,0,0,0,0,3093,7.0,0,0,0,0,3093,7.0,0,0,0,0,,,,,,,,,,,,,,,,,,,,,,,,,,,,,,,,,,,,,,,,,,,,,,,,,,,,,,,,,,,,,,,,,,,,,,,,,,,,,,,,,,,,,,,,,,,,,,,,,,,,,,,,,,,,,,,,,,,,,,,,,,,,,,,,,,,,,,,
B32B,2622,7.0,0.002669717772692601,0.01,0.005,0.004,2622,7.0,0,0,0,0,2622,7.0,0,0,0,0,2622,7.0,0,0,0,0,,,,,,,,,,,,,,,,,,,,,,,,,,,,,,,,,,,,,,,,,,,,,,,,,,,,,,,,,,,,,,,,,,,,,,,,,,,,,,,,,,,,,,,,,,,,,,,,,,,,,,,,,,,,,,,,,,,,,,,,,,,,,,,,,,,,,,,
A61B,2092,6.0,0.0028680688336520078,0.01,0.005,0.004,2092,6.0,0,0,0,0,2092,6.0,0,0,0,0,2092,6.0,0,0,0,0,,,,,,,,,,,,,,,,,,,,,,,,,,,,,,,,,,,,,,,,,,,,,,,,,,,,,,,,,,,,,,,,,,,,,,,,,,,,,,,,,,,,,,,,,,,,,,,,,,,,,,,,,,,,,,,,,,,,,,,,,,,,,,,,,,,,,,,
A61K,4422,6.0,0.0013568521031207597,0.0,0.005,0.002,4422,6.0,0,0,0,0,4422,6.0,0,0,0,0,4422,6.0,0,0,0,0,,,,,,,,,,,,,,,,,,,,,,,,,,,,,,,,,,,,,,,,,,,,,,,,,,,,,,,,,,,,,,,,,,,,,,,,,,,,,,,,,,,,,,,,,,,,,,,,,,,,,,,,,,,,,,,,,,,,,,,,,,,,,,,,,,,,,,,
C07C,2280,5.0,0.0021929824561403508,0.0,0.0,0.0,2280,5.0,0,0,0,0,2280,5.0,0,0,0,0,2280,5.0,0,0,0,0,,,,,,,,,,,,,,,,,,,,,,,,,,,,,,,,,,,,,,,,,,,,,,,,,,,,,,,,,,,,,,,,,,,,,,,,,,,,,,,,,,,,,,,,,,,,,,,,,,,,,,,,,,,,,,,,,,,,,,,,,,,,,,,,,,,,,,,
G06F,3774,5.0,0.0013248542660307366,0.0,0.0,0.0,3774,5.0,0,0,0,0,3774,5.0,0,0,0,0,3774,5.0,0,0,0,0,,,,,,,,,,,,,,,,,,,,,,,,,,,,,,,,,,,,,,,,,,,,,,,,,,,,,,,,,,,,,,,,,,,,,,,,,,,,,,,,,,,,,,,,,,,,,,,,,,,,,,,,,,,,,,,,,,,,,,,,,,,,,,,,,,,,,,,
H01L,2944,5.0,0.0016983695652173913,0.0,0.0,0.0,2944,5.0,0,0,0,0,2944,5.0,0,0,0,0,2944,5.0,0,0,0,0,,,,,,,,,,,,,,,,,,,,,,,,,,,,,,,,,,,,,,,,,,,,,,,,,,,,,,,,,,,,,,,,,,,,,,,,,,,,,,,,,,,,,,,,,,,,,,,,,,,,,,,,,,,,,,,,,,,,,,,,,,,,,,,,,,,,,,,
C07D,2121,5.0,0.0023573785950023575,0.0,0.005,0.002,2121,5.0,0,0,0,0,2121,5.0,0,0,0,0,2121,5.0,0,0,0,0,,,,,,,,,,,,,,,,,,,,,,,,,,,,,,,,,,,,,,,,,,,,,,,,,,,,,,,,,,,,,,,,,,,,,,,,,,,,,,,,,,,,,,,,,,,,,,,,,,,,,,,,,,,,,,,,,,,,,,,,,,,,,,,,,,,,,,,
B29C,1618,4.0,0.002472187886279357,0.01,0.005,0.006,1618,4.0,0,0,0,0,1618,4.0,0,0,0,0,1618,4.0,0,0,0,0,,,,,,,,,,,,,,,,,,,,,,,,,,,,,,,,,,,,,,,,,,,,,,,,,,,,,,,,,,,,,,,,,,,,,,,,,,,,,,,,,,,,,,,,,,,,,,,,,,,,,,,,,,,,,,,,,,,,,,,,,,,,,,,,,,,,,,,
B65H,1380,4.0,0.002898550724637681,0.0,0.0,0.0,1380,4.0,0,0,0,0,1380,4.0,0,0,0,0,1380,4.0,0,0,0,0,,,,,,,,,,,,,,,,,,,,,,,,,,,,,,,,,,,,,,,,,,,,,,,,,,,,,,,,,,,,,,,,,,,,,,,,,,,,,,,,,,,,,,,,,,,,,,,,,,,,,,,,,,,,,,,,,,,,,,,,,,,,,,,,,,,,,,,
B65D,3374,4.0,0.0011855364552459987,0.01,0.005,0.002,3374,4.0,0,0,0,0,3374,4.0,0,0,0,0,3374,4.0,0,0,0,0,,,,,,,,,,,,,,,,,,,,,,,,,,,,,,,,,,,,,,,,,,,,,,,,,,,,,,,,,,,,,,,,,,,,,,,,,,,,,,,,,,,,,,,,,,,,,,,,,,,,,,,,,,,,,,,,,,,,,,,,,,,,,,,,,,,,,,,
C08G,1503,3.0,0.001996007984031936,0.0,0.0,0.002,1503,3.0,0,0,0,0,1503,3.0,0,0,0,0,1503,3.0,0,0,0,0,,,,,,,,,,,,,,,,,,,,,,,,,,,,,,,,,,,,,,,,,,,,,,,,,,,,,,,,,,,,,,,,,,,,,,,,,,,,,,,,,,,,,,,,,,,,,,,,,,,,,,,,,,,,,,,,,,,,,,,,,,,,,,,,,,,,,,,
C08F,1218,3.0,0.0024630541871921183,0.0,0.0,0.0,1218,3.0,0,0,0,0,1218,3.0,0,0,0,0,1218,3.0,0,0,0,0,,,,,,,,,,,,,,,,,,,,,,,,,,,,,,,,,,,,,,,,,,,,,,,,,,,,,,,,,,,,,,,,,,,,,,,,,,,,,,,,,,,,,,,,,,,,,,,,,,,,,,,,,,,,,,,,,,,,,,,,,,,,,,,,,,,,,,,
A47C,786,3.0,0.003816793893129771,0.01,0.005,0.004,786,3.0,0,0,0,0,786,3.0,0,0,0,0,786,3.0,0,0,0,0,,,,,,,,,,,,,,,,,,,,,,,,,,,,,,,,,,,,,,,,,,,,,,,,,,,,,,,,,,,,,,,,,,,,,,,,,,,,,,,,,,,,,,,,,,,,,,,,,,,,,,,,,,,,,,,,,,,,,,,,,,,,,,,,,,,,,,,
G11B,2623,3.0,0.001143728555089592,0.0,0.005,0.002,2623,3.0,0,0,0,0,2623,3.0,0,0,0,0,2623,3.0,0,0,0,0,,,,,,,,,,,,,,,,,,,,,,,,,,,,,,,,,,,,,,,,,,,,,,,,,,,,,,,,,,,,,,,,,,,,,,,,,,,,,,,,,,,,,,,,,,,,,,,,,,,,,,,,,,,,,,,,,,,,,,,,,,,,,,,,,,,,,,,
B01J,977,3.0,0.0030706243602865915,0.0,0.0,0.002,977,3.0,0,0,0,0,977,3.0,0,0,0,0,977,3.0,0,0,0,0,,,,,,,,,,,,,,,,,,,,,,,,,,,,,,,,,,,,,,,,,,,,,,,,,,,,,,,,,,,,,,,,,,,,,,,,,,,,,,,,,,,,,,,,,,,,,,,,,,,,,,,,,,,,,,,,,,,,,,,,,,,,,,,,,,,,,,,
B01D,2514,3.0,0.0011933174224343676,0.0,0.0,0.0,2514,3.0,0,0,0,0,2514,3.0,0,0,0,0,2514,3.0,0,0,0,0,,,,,,,,,,,,,,,,,,,,,,,,,,,,,,,,,,,,,,,,,,,,,,,,,,,,,,,,,,,,,,,,,,,,,,,,,,,,,,,,,,,,,,,,,,,,,,,,,,,,,,,,,,,,,,,,,,,,,,,,,,,,,,,,,,,,,,,
H04N,2492,3.0,0.001203852327447833,0.0,0.0,0.0,2492,3.0,0,0,0,0,2492,3.0,0,0,0,0,2492,3.0,0,0,0,0,,,,,,,,,,,,,,,,,,,,,,,,,,,,,,,,,,,,,,,,,,,,,,,,,,,,,,,,,,,,,,,,,,,,,,,,,,,,,,,,,,,,,,,,,,,,,,,,,,,,,,,,,,,,,,,,,,,,,,,,,,,,,,,,,,,,,,,
B23K,1003,3.0,0.0029910269192422734,0.01,0.005,0.002,1003,3.0,0,0,0,0,1003,3.0,0,0,0,0,1003,3.0,0,0,0,0,,,,,,,,,,,,,,,,,,,,,,,,,,,,,,,,,,,,,,,,,,,,,,,,,,,,,,,,,,,,,,,,,,,,,,,,,,,,,,,,,,,,,,,,,,,,,,,,,,,,,,,,,,,,,,,,,,,,,,,,,,,,,,,,,,,,,,,
H01R,1849,3.0,0.0016224986479177934,0.01,0.005,0.004,1849,3.0,0,0,0,0,1849,3.0,0,0,0,0,1849,3.0,0,0,0,0,,,,,,,,,,,,,,,,,,,,,,,,,,,,,,,,,,,,,,,,,,,,,,,,,,,,,,,,,,,,,,,,,,,,,,,,,,,,,,,,,,,,,,,,,,,,,,,,,,,,,,,,,,,,,,,,,,,,,,,,,,,,,,,,,,,,,,,
H03K,1152,3.0,0.0026041666666666665,0.0,0.0,0.0,1152,3.0,0,0,0,0,1152,3.0,0,0,0,0,1152,3.0,0,0,0,0,,,,,,,,,,,,,,,,,,,,,,,,,,,,,,,,,,,,,,,,,,,,,,,,,,,,,,,,,,,,,,,,,,,,,,,,,,,,,,,,,,,,,,,,,,,,,,,,,,,,,,,,,,,,,,,,,,,,,,,,,,,,,,,,,,,,,,,
G08B,741,2.0,0.002699055330634278,0.0,0.005,0.002,741,2.0,0,0,0,0,741,2.0,0,0,0,0,741,2.0,0,0,0,0,,,,,,,,,,,,,,,,,,,,,,,,,,,,,,,,,,,,,,,,,,,,,,,,,,,,,,,,,,,,,,,,,,,,,,,,,,,,,,,,,,,,,,,,,,,,,,,,,,,,,,,,,,,,,,,,,,,,,,,,,,,,,,,,,,,,,,,
B05B,612,2.0,0.0032679738562091504,0.0,0.0,0.002,612,2.0,0,0,0,0,612,2.0,0,0,0,0,612,2.0,0,0,0,0,,,,,,,,,,,,,,,,,,,,,,,,,,,,,,,,,,,,,,,,,,,,,,,,,,,,,,,,,,,,,,,,,,,,,,,,,,,,,,,,,,,,,,,,,,,,,,,,,,,,,,,,,,,,,,,,,,,,,,,,,,,,,,,,,,,,,,,
G01B,983,2.0,0.002034587995930824,0.0,0.0,0.002,983,2.0,0,0,0,0,983,2.0,0,0,0,0,983,2.0,0,0,0,0,,,,,,,,,,,,,,,,,,,,,,,,,,,,,,,,,,,,,,,,,,,,,,,,,,,,,,,,,,,,,,,,,,,,,,,,,,,,,,,,,,,,,,,,,,,,,,,,,,,,,,,,,,,,,,,,,,,,,,,,,,,,,,,,,,,,,,,
C07F,454,2.0,0.004405286343612335,0.0,0.0,,454,2.0,0,0,0,0,454,2.0,0,0,0,0,454,2.0,0,0,0,0,,,,,,,,,,,,,,,,,,,,,,,,,,,,,,,,,,,,,,,,,,,,,,,,,,,,,,,,,,,,,,,,0.004405286343612335,,,,,,,,,,,,,,,,,,,,,,,,,,,,,,,,,,,,,,,,,,,,,,,,,,,,,,,,,,,,,,,,,,,,,,,
F42B,377,2.0,0.005305039787798408,0.0,0.0,,377,2.0,0,0,0,0,377,2.0,0,0,0,0,377,2.0,0,0,0,0,,,,,,,,,,,,,,,,,,,,,,,,,,,,,,,,,,,,,,,,,,,,,,,,,,,,,,,,,,,,,,,,,,,,,,,,,,,,,,,,,,,,,,,,,,,,,,,,,,,,,,,,,,,,,,,,0.005305039787798408,,,,,,,,,,,,,,,,,,,,,,,
G03C,1241,2.0,0.0016116035455278,0.0,0.0,0.0,1241,2.0,0,0,0,0,1241,2.0,0,0,0,0,1241,2.0,0,0,0,0,,,,,,,,,,,,,,,,,,,,,,,,,,,,,,,,,,,,,,,,,,,,,,,,,,,,,,,,,,,,,,,,,,,,,,,,,,,,,,,,,,,,,,,,,,,,,,,,,,,,,,,,,,,,,,,,,,,,,,,,,,,,,,,,,,,,,,,
H01F,505,2.0,0.0039603960396039604,0.01,0.005,0.004,505,2.0,0,0,0,0,505,2.0,0,0,0,0,505,2.0,0,0,0,0,,,,,,,,,,,,,,,,,,,,,,,,,,,,,,,,,,,,,,,,,,,,,,,,,,,,,,,,,,,,,,,,,,,,,,,,,,,,,,,,,,,,,,,,,,,,,,,,,,,,,,,,,,,,,,,,,,,,,,,,,,,,,,,,,,,,,,,
G03B,1310,2.0,0.0015267175572519084,0.0,0.0,0.0,1310,2.0,0,0,0,0,1310,2.0,0,0,0,0,1310,2.0,0,0,0,0,,,,,,,,,,,,,,,,,,,,,,,,,,,,,,,,,,,,,,,,,,,,,,,,,,,,,,,,,,,,,,,,,,,,,,,,,,,,,,,,,,,,,,,,,,,,,,,,,,,,,,,,,,,,,,,,,,,,,,,,,,,,,,,,,,,,,,,
G02B,2436,2.0,0.0008210180623973727,0.0,0.0,0.0,2436,2.0,0,0,0,0,2436,2.0,0,0,0,0,2436,2.0,0,0,0,0,,,,,,,,,,,,,,,,,,,,,,,,,,,,,,,,,,,,,,,,,,,,,,,,,,,,,,,,,,,,,,,,,,,,,,,,,,,,,,,,,,,,,,,,,,,,,,,,,,,,,,,,,,,,,,,,,,,,,,,,,,,,,,,,,,,,,,,
H04B,838,2.0,0.002386634844868735,0.01,0.005,0.004,838,2.0,0,0,0,0,838,2.0,0,0,0,0,838,2.0,0,0,0,0,,,,,,,,,,,,,,,,,,,,,,,,,,,,,,,,,,,,,,,,,,,,,,,,,,,,,,,,,,,,,,,,,,,,,,,,,,,,,,,,,,,,,,,,,,,,,,,,,,,,,,,,,,,,,,,,,,,,,,,,,,,,,,,,,,,,,,,
A61N,361,2.0,0.00554016620498615,0.01,0.01,,361,2.0,0,0,0,0,361,2.0,0,0,0,0,361,2.0,0,0,0,0,,,,,,,,,,,,,,,,,,,,,0.00554016620498615,,,,,,,,,,,,,,,,,,,,,,,,,,,,,,,,,,,,,,,,,,,,,,,,,,,,,,,,,,,,,,,,,,,,,,,,,,,,,,,,,,,,,,,,,,,,,,,,,,,,,,,,,,,,,,,,,,
H01Q,545,2.0,0.003669724770642202,0.0,0.0,0.004,545,2.0,0,0,0,0,545,2.0,0,0,0,0,545,2.0,0,0,0,0,,,,,,,,,,,,,,,,,,,,,,,,,,,,,,,,,,,,,,,,,,,,,,,,,,,,,,,,,,,,,,,,,,,,,,,,,,,,,,,,,,,,,,,,,,,,,,,,,,,,,,,,,,,,,,,,,,,,,,,,,,,,,,,,,,,,,,,
G11C,933,2.0,0.0021436227224008574,0.02,0.01,0.004,933,2.0,0,0,0,0,933,2.0,0,0,0,0,933,2.0,0,0,0,0,,,,,,,,,,,,,,,,,,,,,,,,,,,,,,,,,,,,,,,,,,,,,,,,,,,,,,,,,,,,,,,,,,,,,,,,,,,,,,,,,,,,,,,,,,,,,,,,,,,,,,,,,,,,,,,,,,,,,,,,,,,,,,,,,,,,,,,
H01J,1572,2.0,0.001272264631043257,0.0,0.005,0.002,1572,2.0,0,0,0,0,1572,2.0,0,0,0,0,1572,2.0,0,0,0,0,,,,,,,,,,,,,,,,,,,,,,,,,,,,,,,,,,,,,,,,,,,,,,,,,,,,,,,,,,,,,,,,,,,,,,,,,,,,,,,,,,,,,,,,,,,,,,,,,,,,,,,,,,,,,,,,,,,,,,,,,,,,,,,,,,,,,,,
B41F,344,2.0,0.005813953488372093,0.0,0.005,,344,2.0,0,0,0,0,344,2.0,0,0,0,0,344,2.0,0,0,0,0,,,,,,,,,,,,,,,,,,,,,,,,,,,,,,,,,,,,,,,,,,,,,,,,0.005813953488372093,,,,,,,,,,,,,,,,,,,,,,,,,,,,,,,,,,,,,,,,,,,,,,,,,,,,,,,,,,,,,,,,,,,,,,,,,,,,,,,,,,,,,,,
F25B,472,2.0,0.00423728813559322,0.0,0.0,,472,2.0,0,0,0,0,472,2.0,0,0,0,0,472,2.0,0,0,0,0,,,,,,,,,,,,,,,,,,,,,,,,,,,,,,,,,,,,,,,,,,,,,,,,,,,,,,,,,,,,,,,,,,,,,,,,,,,,,,,,,,,,,,,,,,,0.00423728813559322,,,,,,,,,,,,,,,,,,,,,,,,,,,,,,,,,,,,,,,,,,,,
C08L,1156,2.0,0.0017301038062283738,0.0,0.0,0.002,1156,2.0,0,0,0,0,1156,2.0,0,0,0,0,1156,2.0,0,0,0,0,,,,,,,,,,,,,,,,,,,,,,,,,,,,,,,,,,,,,,,,,,,,,,,,,,,,,,,,,,,,,,,,,,,,,,,,,,,,,,,,,,,,,,,,,,,,,,,,,,,,,,,,,,,,,,,,,,,,,,,,,,,,,,,,,,,,,,,
C11D,457,2.0,0.00437636761487965,0.0,0.0,,457,2.0,0,0,0,0,457,2.0,0,0,0,0,457,2.0,0,0,0,0,,,,,,,,,,,,,,,,,,,,,,,,,,,,,,,,,,,,,,,,,,,,,,,,,,,,,,,,,,,,,,,,,,,,,,,0.00437636761487965,,,,,,,,,,,,,,,,,,,,,,,,,,,,,,,,,,,,,,,,,,,,,,,,,,,,,,,,,,,,,,,,
F21V,370,2.0,0.005405405405405406,0.0,0.005,,370,2.0,0,0,0,0,370,2.0,0,0,0,0,370,2.0,0,0,0,0,,,,,,,,,,,,,,,,,,,,,,,,,,,,,,,,,,,,,,,,,,,,,,,,,,,,,,,,,,,,,,,,,,,,,,,,,,,,,,,,,,,,,,,,,,,,,,,,,,,,,,,0.005405405405405406,,,,,,,,,,,,,,,,,,,,,,,,,,,,,,,,
D05B,281,2.0,0.0071174377224199285,0.0,0.01,,281,2.0,0,0,0,0,281,2.0,0,0,0,0,281,2.0,0,0,0,0,,,,,,,,,,,,,,,,,,,,,,,,,,,,,,,,,,,,,,,,,,,,,,,,,,,,,,,,,,,,,,,,,,,,,,,,,,,,,,,,0.0071174377224199285,,,,,,,,,,,,,,,,,,,,,,,,,,,,,,,,,,,,,,,,,,,,,,,,,,,,,,,
C12P,351,2.0,0.005698005698005698,0.0,0.0,,351,2.0,0,0,0,0,351,2.0,0,0,0,0,351,2.0,0,0,0,0,,,,,,,,,,,,,,,,,,,,,,,,,,,,,,,,,,,,,,,,,,,,,,,,,,,,,,,,,,,,,,,,,,,,,,,,,,0.005698005698005698,,,,,,,,,,,,,,,,,,,,,,,,,,,,,,,,,,,,,,,,,,,,,,,,,,,,,,,,,,,,,
C08K,866,2.0,0.0023094688221709007,0.0,0.0,0.002,866,2.0,0,0,0,0,866,2.0,0,0,0,0,866,2.0,0,0,0,0,,,,,,,,,,,,,,,,,,,,,,,,,,,,,,,,,,,,,,,,,,,,,,,,,,,,,,,,,,,,,,,,,,,,,,,,,,,,,,,,,,,,,,,,,,,,,,,,,,,,,,,,,,,,,,,,,,,,,,,,,,,,,,,,,,,,,,,
A01N,860,2.0,0.002325581395348837,0.0,0.0,0.0,860,2.0,0,0,0,0,860,2.0,0,0,0,0,860,2.0,0,0,0,0,,,,,,,,,,,,,,,,,,,,,,,,,,,,,,,,,,,,,,,,,,,,,,,,,,,,,,,,,,,,,,,,,,,,,,,,,,,,,,,,,,,,,,,,,,,,,,,,,,,,,,,,,,,,,,,,,,,,,,,,,,,,,,,,,,,,,,,
A01K,1027,2.0,0.0019474196689386564,0.01,0.005,0.004,1027,2.0,0,0,0,0,1027,2.0,0,0,0,0,1027,2.0,0,0,0,0,,,,,,,,,,,,,,,,,,,,,,,,,,,,,,,,,,,,,,,,,,,,,,,,,,,,,,,,,,,,,,,,,,,,,,,,,,,,,,,,,,,,,,,,,,,,,,,,,,,,,,,,,,,,,,,,,,,,,,,,,,,,,,,,,,,,,,,
A42B,103,1.0,0.009708737864077669,0.01,,,103,1.0,0,0,0,0,103,1.0,0,0,0,0,103,1.0,0,0,0,0,,,,,,,,,,,0.009708737864077669,,,,,,,,,,,,,,,,,,,,,,,,,,,,,,,,,,,,,,,,,,,,,,,,,,,,,,,,,,,,,,,,,,,,,,,,,,,,,,,,,,,,,,,,,,,,,,,,,,,,,,,,,,,,,,,,,,,,,,,,,,,,
A44B,206,1.0,0.0048543689320388345,0.01,0.005,,206,1.0,0,0,0,0,206,1.0,0,0,0,0,206,1.0,0,0,0,0,,,,,,,,,,,,0.0048543689320388345,,,,,,,,,,,,,,,,,,,,,,,,,,,,,,,,,,,,,,,,,,,,,,,,,,,,,,,,,,,,,,,,,,,,,,,,,,,,,,,,,,,,,,,,,,,,,,,,,,,,,,,,,,,,,,,,,,,,,,,,,,,
H01K,66,1.0,0.015151515151515152,,,,66,1.0,0,0,0,0,66,1.0,0,0,0,0,66,1.0,0,0,0,0,,,,,,,,,,,,,,,,,,,,,,,,,,,,,,,,,,,,,,,,,,,,,,,,,,,,,,,,,,,,,,,,,,,,,,,,,,,,,,,,,,,,,,0.015151515151515152,,,,,,,,,,,,,,,,,,,,,,,,,,,,,,,,,,,,,,,,,,,,,,,,,
H01M,561,1.0,0.0017825311942959,0.0,0.0,0.0,561,1.0,0,0,0,0,561,1.0,0,0,0,0,561,1.0,0,0,0,0,,,,,,,,,,,,,,,,,,,,,,,,,,,,,,,,,,,,,,,,,,,,,,,,,,,,,,,,,,,,,,,,,,,,,,,,,,,,,,,,,,,,,,,,,,,,,,,,,,,,,,,,,,,,,,,,,,,,,,,,,,,,,,,,,,,,,,,
A47J,330,1.0,0.0030303030303030303,0.0,0.0,,330,1.0,0,0,0,0,330,1.0,0,0,0,0,330,1.0,0,0,0,0,,,,,,,,,,,,,,,,0.0030303030303030303,,,,,,,,,,,,,,,,,,,,,,,,,,,,,,,,,,,,,,,,,,,,,,,,,,,,,,,,,,,,,,,,,,,,,,,,,,,,,,,,,,,,,,,,,,,,,,,,,,,,,,,,,,,,,,,,,,,,,,,
A47L,322,1.0,0.003105590062111801,0.0,0.0,,322,1.0,0,0,0,0,322,1.0,0,0,0,0,322,1.0,0,0,0,0,,,,,,,,,,,,,,,,,0.003105590062111801,,,,,,,,,,,,,,,,,,,,,,,,,,,,,,,,,,,,,,,,,,,,,,,,,,,,,,,,,,,,,,,,,,,,,,,,,,,,,,,,,,,,,,,,,,,,,,,,,,,,,,,,,,,,,,,,,,,,,,
A61M,1303,1.0,0.0007674597083653108,0.0,0.0,0.002,1303,1.0,0,0,0,0,1303,1.0,0,0,0,0,1303,1.0,0,0,0,0,,,,,,,,,,,,,,,,,,,,,,,,,,,,,,,,,,,,,,,,,,,,,,,,,,,,,,,,,,,,,,,,,,,,,,,,,,,,,,,,,,,,,,,,,,,,,,,,,,,,,,,,,,,,,,,,,,,,,,,,,,,,,,,,,,,,,,,
A23L,460,1.0,0.002173913043478261,0.0,0.0,,460,1.0,0,0,0,0,460,1.0,0,0,0,0,460,1.0,0,0,0,0,,,,,,,,0.002173913043478261,,,,,,,,,,,,,,,,,,,,,,,,,,,,,,,,,,,,,,,,,,,,,,,,,,,,,,,,,,,,,,,,,,,,,,,,,,,,,,,,,,,,,,,,,,,,,,,,,,,,,,,,,,,,,,,,,,,,,,,,,,,,,,,
A61G,183,1.0,0.00546448087431694,0.0,,,183,1.0,0,0,0,0,183,1.0,0,0,0,0,183,1.0,0,0,0,0,,,,,,,,,,,,,,,,,,0.00546448087431694,,,,,,,,,,,,,,,,,,,,,,,,,,,,,,,,,,,,,,,,,,,,,,,,,,,,,,,,,,,,,,,,,,,,,,,,,,,,,,,,,,,,,,,,,,,,,,,,,,,,,,,,,,,,,,,,,,,,,
A61H,261,1.0,0.0038314176245210726,0.0,0.005,,261,1.0,0,0,0,0,261,1.0,0,0,0,0,261,1.0,0,0,0,0,,,,,,,,,,,,,,,,,,,0.0038314176245210726,,,,,,,,,,,,,,,,,,,,,,,,,,,,,,,,,,,,,,,,,,,,,,,,,,,,,,,,,,,,,,,,,,,,,,,,,,,,,,,,,,,,,,,,,,,,,,,,,,,,,,,,,,,,,,,,,,,,
A61F,1452,1.0,0.0006887052341597796,0.0,0.0,0.0,1452,1.0,0,0,0,0,1452,1.0,0,0,0,0,1452,1.0,0,0,0,0,,,,,,,,,,,,,,,,,,,,,,,,,,,,,,,,,,,,,,,,,,,,,,,,,,,,,,,,,,,,,,,,,,,,,,,,,,,,,,,,,,,,,,,,,,,,,,,,,,,,,,,,,,,,,,,,,,,,,,,,,,,,,,,,,,,,,,,
B07C,140,1.0,0.007142857142857143,0.01,,,140,1.0,0,0,0,0,140,1.0,0,0,0,0,140,1.0,0,0,0,0,,,,,,,,,,,,,,,,,,,,,,,,,,,,,,0.007142857142857143,,,,,,,,,,,,,,,,,,,,,,,,,,,,,,,,,,,,,,,,,,,,,,,,,,,,,,,,,,,,,,,,,,,,,,,,,,,,,,,,,,,,,,,,,,,,,,,,,,,,,,,,,
B03C,113,1.0,0.008849557522123894,0.01,,,113,1.0,0,0,0,0,113,1.0,0,0,0,0,113,1.0,0,0,0,0,,,,,,,,,,,,,,,,,,,,,,,,,,,,0.008849557522123894,,,,,,,,,,,,,,,,,,,,,,,,,,,,,,,,,,,,,,,,,,,,,,,,,,,,,,,,,,,,,,,,,,,,,,,,,,,,,,,,,,,,,,,,,,,,,,,,,,,,,,,,,,,
B04B,89,1.0,0.011235955056179775,,,,89,1.0,0,0,0,0,89,1.0,0,0,0,0,89,1.0,0,0,0,0,,,,,,,,,,,,,,,,,,,,,,,,,,,,,0.011235955056179775,,,,,,,,,,,,,,,,,,,,,,,,,,,,,,,,,,,,,,,,,,,,,,,,,,,,,,,,,,,,,,,,,,,,,,,,,,,,,,,,,,,,,,,,,,,,,,,,,,,,,,,,,,
B21B,219,1.0,0.0045662100456621,0.0,0.005,,219,1.0,0,0,0,0,219,1.0,0,0,0,0,219,1.0,0,0,0,0,,,,,,,,,,,,,,,,,,,,,,,,,,,,,,,,0.0045662100456621,,,,,,,,,,,,,,,,,,,,,,,,,,,,,,,,,,,,,,,,,,,,,,,,,,,,,,,,,,,,,,,,,,,,,,,,,,,,,,,,,,,,,,,,,,,,,,,,,,,,,,,
B08B,452,1.0,0.0022123893805309734,0.0,0.0,,452,1.0,0,0,0,0,452,1.0,0,0,0,0,452,1.0,0,0,0,0,,,,,,,,,,,,,,,,,,,,,,,,,,,,,,,0.0022123893805309734,,,,,,,,,,,,,,,,,,,,,,,,,,,,,,,,,,,,,,,,,,,,,,,,,,,,,,,,,,,,,,,,,,,,,,,,,,,,,,,,,,,,,,,,,,,,,,,,,,,,,,,,
B21C,98,1.0,0.01020408163265306,,,,98,1.0,0,0,0,0,98,1.0,0,0,0,0,98,1.0,0,0,0,0,,,,,,,,,,,,,,,,,,,,,,,,,,,,,,,,,0.01020408163265306,,,,,,,,,,,,,,,,,,,,,,,,,,,,,,,,,,,,,,,,,,,,,,,,,,,,,,,,,,,,,,,,,,,,,,,,,,,,,,,,,,,,,,,,,,,,,,,,,,,,,,
B01L,57,1.0,0.017543859649122806,,,,57,1.0,0,0,0,0,57,1.0,0,0,0,0,57,1.0,0,0,0,0,,,,,,,,,0.017543859649122806,,,,,,,,,,,,,,,,,,,,,,,,,,,,,,,,,,,,,,,,,,,,,,,,,,,,,,,,,,,,,,,,,,,,,,,,,,,,,,,,,,,,,,,,,,,,,,,,,,,,,,,,,,,,,,,,,,,,,,,,,,,,,,
A47B,565,1.0,0.0017699115044247787,0.0,0.0,0.002,565,1.0,0,0,0,0,565,1.0,0,0,0,0,565,1.0,0,0,0,0,,,,,,,,,,,,,,,,,,,,,,,,,,,,,,,,,,,,,,,,,,,,,,,,,,,,,,,,,,,,,,,,,,,,,,,,,,,,,,,,,,,,,,,,,,,,,,,,,,,,,,,,,,,,,,,,,,,,,,,,,,,,,,,,,,,,,,,
A63D,50,1.0,0.02,,,,50,1.0,0,0,0,0,50,1.0,0,0,0,0,50,1.0,0,0,0,0,,,,,,,,,,,,,,,,,,,,,,,0.02,,,,,,,,,,,,,,,,,,,,,,,,,,,,,,,,,,,,,,,,,,,,,,,,,,,,,,,,,,,,,,,,,,,,,,,,,,,,,,,,,,,,,,,,,,,,,,,,,,,,,,,,,,,,,,,,
A62B,182,1.0,0.005494505494505495,0.01,,,182,1.0,0,0,0,0,182,1.0,0,0,0,0,182,1.0,0,0,0,0,,,,,,,,,,,,,,,,,,,,,,0.005494505494505495,,,,,,,,,,,,,,,,,,,,,,,,,,,,,,,,,,,,,,,,,,,,,,,,,,,,,,,,,,,,,,,,,,,,,,,,,,,,,,,,,,,,,,,,,,,,,,,,,,,,,,,,,,,,,,,,,
A63B,1266,1.0,0.0007898894154818325,0.0,0.0,0.0,1266,1.0,0,0,0,0,1266,1.0,0,0,0,0,1266,1.0,0,0,0,0,,,,,,,,,,,,,,,,,,,,,,,,,,,,,,,,,,,,,,,,,,,,,,,,,,,,,,,,,,,,,,,,,,,,,,,,,,,,,,,,,,,,,,,,,,,,,,,,,,,,,,,,,,,,,,,,,,,,,,,,,,,,,,,,,,,,,,,
G02C,196,1.0,0.00510204081632653,0.0,,,196,1.0,0,0,0,0,196,1.0,0,0,0,0,196,1.0,0,0,0,0,,,,,,,,,,,,,,,,,,,,,,,,,,,,,,,,,,,,,,,,,,,,,,,,,,,,,,,,,,,,,,,,,,,,,,,,,,,,,,,,,,,,,,,,,,,,,,,,,,,,,,,,,,,,,,,,,,,,,,,,0.00510204081632653,,,,,,,,,,,,,,,
G01T,244,1.0,0.004098360655737705,0.0,0.005,,244,1.0,0,0,0,0,244,1.0,0,0,0,0,244,1.0,0,0,0,0,,,,,,,,,,,,,,,,,,,,,,,,,,,,,,,,,,,,,,,,,,,,,,,,,,,,,,,,,,,,,,,,,,,,,,,,,,,,,,,,,,,,,,,,,,,,,,,,,,,,,,,,,,,,,,,,,,,,,,,0.004098360655737705,,,,,,,,,,,,,,,,
A61L,214,1.0,0.004672897196261682,0.01,0.005,,214,1.0,0,0,0,0,214,1.0,0,0,0,0,214,1.0,0,0,0,0,,,,,,,,,,,,,,,,,,,,0.004672897196261682,,,,,,,,,,,,,,,,,,,,,,,,,,,,,,,,,,,,,,,,,,,,,,,,,,,,,,,,,,,,,,,,,,,,,,,,,,,,,,,,,,,,,,,,,,,,,,,,,,,,,,,,,,,,,,,,,,,
G01S,408,1.0,0.0024509803921568627,0.0,0.0,,408,1.0,0,0,0,0,408,1.0,0,0,0,0,408,1.0,0,0,0,0,,,,,,,,,,,,,,,,,,,,,,,,,,,,,,,,,,,,,,,,,,,,,,,,,,,,,,,,,,,,,,,,,,,,,,,,,,,,,,,,,,,,,,,,,,,,,,,,,,,,,,,,,,,,,,,,,,,,,,0.0024509803921568627,,,,,,,,,,,,,,,,,
B21K,120,1.0,0.008333333333333333,0.0,,,120,1.0,0,0,0,0,120,1.0,0,0,0,0,120,1.0,0,0,0,0,,,,,,,,,,,,,,,,,,,,,,,,,,,,,,,,,,0.008333333333333333,,,,,,,,,,,,,,,,,,,,,,,,,,,,,,,,,,,,,,,,,,,,,,,,,,,,,,,,,,,,,,,,,,,,,,,,,,,,,,,,,,,,,,,,,,,,,,,,,,,,,
G04B,163,1.0,0.006134969325153374,0.0,,,163,1.0,0,0,0,0,163,1.0,0,0,0,0,163,1.0,0,0,0,0,,,,,,,,,,,,,,,,,,,,,,,,,,,,,,,,,,,,,,,,,,,,,,,,,,,,,,,,,,,,,,,,,,,,,,,,,,,,,,,,,,,,,,,,,,,,,,,,,,,,,,,,,,,,,,,,,,,,,,,,,,,,0.006134969325153374,,,,,,,,,,,
G03F,131,1.0,0.007633587786259542,0.01,,,131,1.0,0,0,0,0,131,1.0,0,0,0,0,131,1.0,0,0,0,0,,,,,,,,,,,,,,,,,,,,,,,,,,,,,,,,,,,,,,,,,,,,,,,,,,,,,,,,,,,,,,,,,,,,,,,,,,,,,,,,,,,,,,,,,,,,,,,,,,,,,,,,,,,,,,,,,,,,,,,,,,0.007633587786259542,,,,,,,,,,,,,
G03D,80,1.0,0.0125,,,,80,1.0,0,0,0,0,80,1.0,0,0,0,0,80,1.0,0,0,0,0,,,,,,,,,,,,,,,,,,,,,,,,,,,,,,,,,,,,,,,,,,,,,,,,,,,,,,,,,,,,,,,,,,,,,,,,,,,,,,,,,,,,,,,,,,,,,,,,,,,,,,,,,,,,,,,,,,,,,,,,,0.0125,,,,,,,,,,,,,,
F41D,60,1.0,0.016666666666666666,,,,60,1.0,0,0,0,0,60,1.0,0,0,0,0,60,1.0,0,0,0,0,,,,,,,,,,,,,,,,,,,,,,,,,,,,,,,,,,,,,,,,,,,,,,,,,,,,,,,,,,,,,,,,,,,,,,,,,,,,,,,,,,,,,,,,,,,,,,,,,,,,,,,,,,,,,,,0.016666666666666666,,,,,,,,,,,,,,,,,,,,,,,,
B23B,491,1.0,0.002036659877800407,0.01,0.005,,491,1.0,0,0,0,0,491,1.0,0,0,0,0,491,1.0,0,0,0,0,,,,,,,,,,,,,,,,,,,,,,,,,,,,,,,,,,,0.002036659877800407,,,,,,,,,,,,,,,,,,,,,,,,,,,,,,,,,,,,,,,,,,,,,,,,,,,,,,,,,,,,,,,,,,,,,,,,,,,,,,,,,,,,,,,,,,,,,,,,,,,,
B23C,159,1.0,0.006289308176100629,0.01,,,159,1.0,0,0,0,0,159,1.0,0,0,0,0,159,1.0,0,0,0,0,,,,,,,,,,,,,,,,,,,,,,,,,,,,,,,,,,,,0.006289308176100629,,,,,,,,,,,,,,,,,,,,,,,,,,,,,,,,,,,,,,,,,,,,,,,,,,,,,,,,,,,,,,,,,,,,,,,,,,,,,,,,,,,,,,,,,,,,,,,,,,,
A45F,139,1.0,0.007194244604316547,0.01,,,139,1.0,0,0,0,0,139,1.0,0,0,0,0,139,1.0,0,0,0,0,,,,,,,,,,,,,,,0.007194244604316547,,,,,,,,,,,,,,,,,,,,,,,,,,,,,,,,,,,,,,,,,,,,,,,,,,,,,,,,,,,,,,,,,,,,,,,,,,,,,,,,,,,,,,,,,,,,,,,,,,,,,,,,,,,,,,,,,,,,,,,,
B01F,515,1.0,0.001941747572815534,0.0,0.0,0.0,515,1.0,0,0,0,0,515,1.0,0,0,0,0,515,1.0,0,0,0,0,,,,,,,,,,,,,,,,,,,,,,,,,,,,,,,,,,,,,,,,,,,,,,,,,,,,,,,,,,,,,,,,,,,,,,,,,,,,,,,,,,,,,,,,,,,,,,,,,,,,,,,,,,,,,,,,,,,,,,,,,,,,,,,,,,,,,,,
A63H,397,1.0,0.0025188916876574307,0.0,0.005,,397,1.0,0,0,0,0,397,1.0,0,0,0,0,397,1.0,0,0,0,0,,,,,,,,,,,,,,,,,,,,,,,,,0.0025188916876574307,,,,,,,,,,,,,,,,,,,,,,,,,,,,,,,,,,,,,,,,,,,,,,,,,,,,,,,,,,,,,,,,,,,,,,,,,,,,,,,,,,,,,,,,,,,,,,,,,,,,,,,,,,,,,,
B02C,405,1.0,0.0024691358024691358,0.0,0.005,,405,1.0,0,0,0,0,405,1.0,0,0,0,0,405,1.0,0,0,0,0,,,,,,,,,,,,,,,,,,,,,,,,,,0.0024691358024691358,,,,,,,,,,,,,,,,,,,,,,,,,,,,,,,,,,,,,,,,,,,,,,,,,,,,,,,,,,,,,,,,,,,,,,,,,,,,,,,,,,,,,,,,,,,,,,,,,,,,,,,,,,,,,
A63F,398,1.0,0.002512562814070352,0.01,0.005,,398,1.0,0,0,0,0,398,1.0,0,0,0,0,398,1.0,0,0,0,0,,,,,,,,,,,,,,,,,,,,,,,,0.002512562814070352,,,,,,,,,,,,,,,,,,,,,,,,,,,,,,,,,,,,,,,,,,,,,,,,,,,,,,,,,,,,,,,,,,,,,,,,,,,,,,,,,,,,,,,,,,,,,,,,,,,,,,,,,,,,,,,
G10D,168,1.0,0.005952380952380952,0.0,,,168,1.0,0,0,0,0,168,1.0,0,0,0,0,168,1.0,0,0,0,0,,,,,,,,,,,,,,,,,,,,,,,,,,,,,,,,,,,,,,,,,,,,,,,,,,,,,,,,,,,,,,,,,,,,,,,,,,,,,,,,,,,,,,,,,,,,,,,,,,,,,,,,,,,,,,,,,,,,,,,,,,,,,,,0.005952380952380952,,,,,,,,
G07D,59,1.0,0.01694915254237288,,,,59,1.0,0,0,0,0,59,1.0,0,0,0,0,59,1.0,0,0,0,0,,,,,,,,,,,,,,,,,,,,,,,,,,,,,,,,,,,,,,,,,,,,,,,,,,,,,,,,,,,,,,,,,,,,,,,,,,,,,,,,,,,,,,,,,,,,,,,,,,,,,,,,,,,,,,,,,,,,,,,,,,,,,,0.01694915254237288,,,,,,,,,
G06G,113,1.0,0.008849557522123894,0.01,,,113,1.0,0,0,0,0,113,1.0,0,0,0,0,113,1.0,0,0,0,0,,,,,,,,,,,,,,,,,,,,,,,,,,,,0.008849557522123894,,,,,,,,,,,,,,,,,,,,,,,,,,,,,,,,,,,,,,,,,,,,,,,,,,,,,,,,,,,,,,,,,,,,,,,,,,,,,,,,,,,,,,,,,,,,,,,,,,,,,,,,,,,
G01R,1517,1.0,0.0006591957811470006,0.0,0.0,0.002,1517,1.0,0,0,0,0,1517,1.0,0,0,0,0,1517,1.0,0,0,0,0,,,,,,,,,,,,,,,,,,,,,,,,,,,,,,,,,,,,,,,,,,,,,,,,,,,,,,,,,,,,,,,,,,,,,,,,,,,,,,,,,,,,,,,,,,,,,,,,,,,,,,,,,,,,,,,,,,,,,,,,,,,,,,,,,,,,,,,
B05D,1158,1.0,0.0008635578583765112,0.0,0.0,0.0,1158,1.0,0,0,0,0,1158,1.0,0,0,0,0,1158,1.0,0,0,0,0,,,,,,,,,,,,,,,,,,,,,,,,,,,,,,,,,,,,,,,,,,,,,,,,,,,,,,,,,,,,,,,,,,,,,,,,,,,,,,,,,,,,,,,,,,,,,,,,,,,,,,,,,,,,,,,,,,,,,,,,,,,,,,,,,,,,,,,
G21F,115,1.0,0.008695652173913044,0.01,,,115,1.0,0,0,0,0,115,1.0,0,0,0,0,115,1.0,0,0,0,0,,,,,,,,,,,,,,,,,,,,,,,,,,,,,,,,,,,,,,,,,,,,,,,,,,,,,,,,,,,,,,,,,,,,,,,,,,,,,,,,,,,,,,,,,,,,,,,,,,,,,,,,,,,,,,,,,,,,,,,,,,,,,,,,,0.008695652173913044,,,,,,
G21C,495,1.0,0.00202020202020202,0.0,0.005,,495,1.0,0,0,0,0,495,1.0,0,0,0,0,495,1.0,0,0,0,0,,,,,,,,,,,,,,,,,,,,,,,,,,,,,,,,,,,,,,,,,,,,,,,,,,,,,,,,,,,,,,,,,,,,,,,,,,,,,,,,,,,,,,,,,,,,,,,,,,,,,,,,,,,,,,,,,,,,,,,,,,,,,,,,0.00202020202020202,,,,,,,
A45D,204,1.0,0.004901960784313725,0.0,0.005,,204,1.0,0,0,0,0,204,1.0,0,0,0,0,204,1.0,0,0,0,0,,,,,,,,,,,,,,0.004901960784313725,,,,,,,,,,,,,,,,,,,,,,,,,,,,,,,,,,,,,,,,,,,,,,,,,,,,,,,,,,,,,,,,,,,,,,,,,,,,,,,,,,,,,,,,,,,,,,,,,,,,,,,,,,,,,,,,,,,,,,,,,
H01C,193,1.0,0.0051813471502590676,0.01,,,193,1.0,0,0,0,0,193,1.0,0,0,0,0,193,1.0,0,0,0,0,,,,,,,,,,,,,,,,,,,,,,,,,,,,,,,,,,,,,,,,,,,,,,,,,,,,,,,,,,,,,,,,,,,,,,,,,,,,,,,,,,,,,,,,,,,,,,,,,,,,,,,,,,,,,,,,,,,,,,,,,,,,,,,,,,0.0051813471502590676,,,,,
H04J,526,1.0,0.0019011406844106464,0.0,0.005,0.002,526,1.0,0,0,0,0,526,1.0,0,0,0,0,526,1.0,0,0,0,0,,,,,,,,,,,,,,,,,,,,,,,,,,,,,,,,,,,,,,,,,,,,,,,,,,,,,,,,,,,,,,,,,,,,,,,,,,,,,,,,,,,,,,,,,,,,,,,,,,,,,,,,,,,,,,,,,,,,,,,,,,,,,,,,,,,,,,,
A45B,63,1.0,0.015873015873015872,,,,63,1.0,0,0,0,0,63,1.0,0,0,0,0,63,1.0,0,0,0,0,,,,,,,,,,,,,0.015873015873015872,,,,,,,,,,,,,,,,,,,,,,,,,,,,,,,,,,,,,,,,,,,,,,,,,,,,,,,,,,,,,,,,,,,,,,,,,,,,,,,,,,,,,,,,,,,,,,,,,,,,,,,,,,,,,,,,,,,,,,,,,,
H04Q,498,1.0,0.002008032128514056,0.0,0.005,,498,1.0,0,0,0,0,498,1.0,0,0,0,0,498,1.0,0,0,0,0,,,,,,,,,,,,,,,,,,,,,,,,,,,,,,,,,,,,,,,,,,,,,,,,,,,,,,,,,,,,,,,,,,,,,,,,,,,,,,,,,,,,,,,,,,,,,,,,,,,,,,,,,,,,,,,,,,,,,,,,,,,,,,,,,,,,,,,0.002008032128514056
A24C,86,1.0,0.011627906976744186,,,,86,1.0,0,0,0,0,86,1.0,0,0,0,0,86,1.0,0,0,0,0,,,,,,,,,,0.011627906976744186,,,,,,,,,,,,,,,,,,,,,,,,,,,,,,,,,,,,,,,,,,,,,,,,,,,,,,,,,,,,,,,,,,,,,,,,,,,,,,,,,,,,,,,,,,,,,,,,,,,,,,,,,,,,,,,,,,,,,,,,,,,,,
H04R,322,1.0,0.003105590062111801,0.0,0.0,,322,1.0,0,0,0,0,322,1.0,0,0,0,0,322,1.0,0,0,0,0,,,,,,,,,,,,,,,,,0.003105590062111801,,,,,,,,,,,,,,,,,,,,,,,,,,,,,,,,,,,,,,,,,,,,,,,,,,,,,,,,,,,,,,,,,,,,,,,,,,,,,,,,,,,,,,,,,,,,,,,,,,,,,,,,,,,,,,,,,,,,,,
H05B,1023,1.0,0.0009775171065493646,0.0,0.0,0.0,1023,1.0,0,0,0,0,1023,1.0,0,0,0,0,1023,1.0,0,0,0,0,,,,,,,,,,,,,,,,,,,,,,,,,,,,,,,,,,,,,,,,,,,,,,,,,,,,,,,,,,,,,,,,,,,,,,,,,,,,,,,,,,,,,,,,,,,,,,,,,,,,,,,,,,,,,,,,,,,,,,,,,,,,,,,,,,,,,,,
A23P,57,1.0,0.017543859649122806,,,,57,1.0,0,0,0,0,57,1.0,0,0,0,0,57,1.0,0,0,0,0,,,,,,,,,0.017543859649122806,,,,,,,,,,,,,,,,,,,,,,,,,,,,,,,,,,,,,,,,,,,,,,,,,,,,,,,,,,,,,,,,,,,,,,,,,,,,,,,,,,,,,,,,,,,,,,,,,,,,,,,,,,,,,,,,,,,,,,,,,,,,,,
G01K,185,1.0,0.005405405405405406,0.01,,,185,1.0,0,0,0,0,185,1.0,0,0,0,0,185,1.0,0,0,0,0,,,,,,,,,,,,,,,,,,,,,,,,,,,,,,,,,,,,,,,,,,,,,,,,,,,,,,,,,,,,,,,,,,,,,,,,,,,,,,,,,,,,,,,,,,,,,,,,,,,,,,,,,,,,,,,,,,,0.005405405405405406,,,,,,,,,,,,,,,,,,,,
G01G,267,1.0,0.003745318352059925,0.0,0.005,,267,1.0,0,0,0,0,267,1.0,0,0,0,0,267,1.0,0,0,0,0,,,,,,,,,,,,,,,,,,,,,,,,,,,,,,,,,,,,,,,,,,,,,,,,,,,,,,,,,,,,,,,,,,,,,,,,,,,,,,,,,,,,,,,,,,,,,,,,,,,,,,,,,,,,,,,,,,0.003745318352059925,,,,,,,,,,,,,,,,,,,,,
G01F,557,1.0,0.0017953321364452424,0.0,0.0,0.002,557,1.0,0,0,0,0,557,1.0,0,0,0,0,557,1.0,0,0,0,0,,,,,,,,,,,,,,,,,,,,,,,,,,,,,,,,,,,,,,,,,,,,,,,,,,,,,,,,,,,,,,,,,,,,,,,,,,,,,,,,,,,,,,,,,,,,,,,,,,,,,,,,,,,,,,,,,,,,,,,,,,,,,,,,,,,,,,,
F42C,81,1.0,0.012345679012345678,,,,81,1.0,0,0,0,0,81,1.0,0,0,0,0,81,1.0,0,0,0,0,,,,,,,,,,,,,,,,,,,,,,,,,,,,,,,,,,,,,,,,,,,,,,,,,,,,,,,,,,,,,,,,,,,,,,,,,,,,,,,,,,,,,,,,,,,,,,,,,,,,,,,,,,,,,,,,,0.012345679012345678,,,,,,,,,,,,,,,,,,,,,,
B31B,129,1.0,0.007751937984496124,0.01,,,129,1.0,0,0,0,0,129,1.0,0,0,0,0,129,1.0,0,0,0,0,,,,,,,,,,,,,,,,,,,,,,,,,,,,,,,,,,,,,,,,,,,,,,,0.007751937984496124,,,,,,,,,,,,,,,,,,,,,,,,,,,,,,,,,,,,,,,,,,,,,,,,,,,,,,,,,,,,,,,,,,,,,,,,,,,,,,,,,,,,,,,,
F41G,87,1.0,0.011494252873563218,,,,87,1.0,0,0,0,0,87,1.0,0,0,0,0,87,1.0,0,0,0,0,,,,,,,,,,,,,,,,,,,,,,,,,,,,,,,,,,,,,,,,,,,,,,,,,,,,,,,,,,,,,,,,,,,,,,,,,,,,,,,,,,,,0.011494252873563218,,,,,,,,,,,,,,,,,,,,,,,,,,,,,,,,,,,,,,,,,,,,,,,,,,,
B29B,114,1.0,0.008771929824561403,0.01,,,114,1.0,0,0,0,0,114,1.0,0,0,0,0,114,1.0,0,0,0,0,,,,,,,,,,,,,,,,,,,,,,,,,,,,,,,,,,,,,,,,,,,,,0.008771929824561403,,,,,,,,,,,,,,,,,,,,,,,,,,,,,,,,,,,,,,,,,,,,,,,,,,,,,,,,,,,,,,,,,,,,,,,,,,,,,,,,,,,,,,,,,,
B30B,175,1.0,0.005714285714285714,0.01,,,175,1.0,0,0,0,0,175,1.0,0,0,0,0,175,1.0,0,0,0,0,,,,,,,,,,,,,,,,,,,,,,,,,,,,,,,,,,,,,,,,,,,,,,0.005714285714285714,,,,,,,,,,,,,,,,,,,,,,,,,,,,,,,,,,,,,,,,,,,,,,,,,,,,,,,,,,,,,,,,,,,,,,,,,,,,,,,,,,,,,,,,,
B26D,278,1.0,0.0035971223021582736,0.0,0.005,,278,1.0,0,0,0,0,278,1.0,0,0,0,0,278,1.0,0,0,0,0,,,,,,,,,,,,,,,,,,,,,,,,,,,,,,,,,,,,,,,,,0.0035971223021582736,,,,,,,,,,,,,,,,,,,,,,,,,,,,,,,,,,,,,,,,,,,,,,,,,,,,,,,,,,,,,,,,,,,,,,,,,,,,,,,,,,,,,,,,,,,,,,
B26F,88,1.0,0.011363636363636364,,,,88,1.0,0,0,0,0,88,1.0,0,0,0,0,88,1.0,0,0,0,0,,,,,,,,,,,,,,,,,,,,,,,,,,,,,,,,,,,,,,,,,,0.011363636363636364,,,,,,,,,,,,,,,,,,,,,,,,,,,,,,,,,,,,,,,,,,,,,,,,,,,,,,,,,,,,,,,,,,,,,,,,,,,,,,,,,,,,,,,,,,,,,
B28C,51,1.0,0.0196078431372549,,,,51,1.0,0,0,0,0,51,1.0,0,0,0,0,51,1.0,0,0,0,0,,,,,,,,,,,,,,,,,,,,,,,,,,,,,,,,,,,,,,,,,,,,0.0196078431372549,,,,,,,,,,,,,,,,,,,,,,,,,,,,,,,,,,,,,,,,,,,,,,,,,,,,,,,,,,,,,,,,,,,,,,,,,,,,,,,,,,,,,,,,,,,
B27B,158,1.0,0.006329113924050633,0.01,,,158,1.0,0,0,0,0,158,1.0,0,0,0,0,158,1.0,0,0,0,0,,,,,,,,,,,,,,,,,,,,,,,,,,,,,,,,,,,,,,,,,,,0.006329113924050633,,,,,,,,,,,,,,,,,,,,,,,,,,,,,,,,,,,,,,,,,,,,,,,,,,,,,,,,,,,,,,,,,,,,,,,,,,,,,,,,,,,,,,,,,,,,
B25J,174,1.0,0.005747126436781609,0.0,,,174,1.0,0,0,0,0,174,1.0,0,0,0,0,174,1.0,0,0,0,0,,,,,,,,,,,,,,,,,,,,,,,,,,,,,,,,,,,,,,,,0.005747126436781609,,,,,,,,,,,,,,,,,,,,,,,,,,,,,,,,,,,,,,,,,,,,,,,,,,,,,,,,,,,,,,,,,,,,,,,,,,,,,,,,,,,,,,,,,,,,,,,
B25B,482,1.0,0.002074688796680498,0.0,0.005,,482,1.0,0,0,0,0,482,1.0,0,0,0,0,482,1.0,0,0,0,0,,,,,,,,,,,,,,,,,,,,,,,,,,,,,,,,,,,,,,,0.002074688796680498,,,,,,,,,,,,,,,,,,,,,,,,,,,,,,,,,,,,,,,,,,,,,,,,,,,,,,,,,,,,,,,,,,,,,,,,,,,,,,,,,,,,,,,,,,,,,,,,
B25C,113,1.0,0.008849557522123894,0.0,,,113,1.0,0,0,0,0,113,1.0,0,0,0,0,113,1.0,0,0,0,0,,,,,,,,,,,,,,,,,,,,,,,,,,,,0.008849557522123894,,,,,,,,,,,,,,,,,,,,,,,,,,,,,,,,,,,,,,,,,,,,,,,,,,,,,,,,,,,,,,,,,,,,,,,,,,,,,,,,,,,,,,,,,,,,,,,,,,,,,,,,,,,
B03B,56,1.0,0.017857142857142856,,,,56,1.0,0,0,0,0,56,1.0,0,0,0,0,56,1.0,0,0,0,0,,,,,,,,,,,,,,,,,,,,,,,,,,,0.017857142857142856,,,,,,,,,,,,,,,,,,,,,,,,,,,,,,,,,,,,,,,,,,,,,,,,,,,,,,,,,,,,,,,,,,,,,,,,,,,,,,,,,,,,,,,,,,,,,,,,,,,,,,,,,,,,
G03H,54,1.0,0.018518518518518517,,,,54,1.0,0,0,0,0,54,1.0,0,0,0,0,54,1.0,0,0,0,0,,,,,,,,,,,,,,,,,,,,,,,,,,,,,,,,,,,,,,,,,,,,,,,,,,,,,,,,,,,,,,,,,,,,,,,,,,,,,,,,,,,,,,,,,,,,,,,,,,,,,,,,,,,,,,,,,,,,,,,,,,,0.018518518518518517,,,,,,,,,,,,
G05B,424,1.0,0.0023584905660377358,0.01,0.005,,424,1.0,0,0,0,0,424,1.0,0,0,0,0,424,1.0,0,0,0,0,,,,,,,,,,,,,,,,,,,,,,,,,,,,,,,,,,,,,,,,,,,,,,,,,,,,,,,,,,,,,,,,,,,,,,,,,,,,,,,,,,,,,,,,,,,,,,,,,,,,,,,,,,,,,,,,,,,,,,,,,,,,,0.0023584905660377358,,,,,,,,,,
G04F,51,1.0,0.0196078431372549,,,,51,1.0,0,0,0,0,51,1.0,0,0,0,0,51,1.0,0,0,0,0,,,,,,,,,,,,,,,,,,,,,,,,,,,,,,,,,,,,,,,,,,,,0.0196078431372549,,,,,,,,,,,,,,,,,,,,,,,,,,,,,,,,,,,,,,,,,,,,,,,,,,,,,,,,,,,,,,,,,,,,,,,,,,,,,,,,,,,,,,,,,,,
B24B,403,1.0,0.0024813895781637717,0.0,0.0,,403,1.0,0,0,0,0,403,1.0,0,0,0,0,403,1.0,0,0,0,0,,,,,,,,,,,,,,,,,,,,,,,,,,,,,,,,,,,,,,0.0024813895781637717,,,,,,,,,,,,,,,,,,,,,,,,,,,,,,,,,,,,,,,,,,,,,,,,,,,,,,,,,,,,,,,,,,,,,,,,,,,,,,,,,,,,,,,,,,,,,,,,,
B23D,161,1.0,0.006211180124223602,0.01,,,161,1.0,0,0,0,0,161,1.0,0,0,0,0,161,1.0,0,0,0,0,,,,,,,,,,,,,,,,,,,,,,,,,,,,,,,,,,,,,0.006211180124223602,,,,,,,,,,,,,,,,,,,,,,,,,,,,,,,,,,,,,,,,,,,,,,,,,,,,,,,,,,,,,,,,,,,,,,,,,,,,,,,,,,,,,,,,,,,,,,,,,,
F16G,171,1.0,0.005847953216374269,0.01,,,171,1.0,0,0,0,0,171,1.0,0,0,0,0,171,1.0,0,0,0,0,,,,,,,,,,,,,,,,,,,,,,,,,,,,,,,,,,,,,,,,,,,,,,,,,,,,,,,,,,,,,,,,,,,,,,,,,,,,,,,,,,,,,,,,,,,,,,,,,,,,0.005847953216374269,,,,,,,,,,,,,,,,,,,,,,,,,,,,,,,,,,,
B60T,588,1.0,0.0017006802721088435,0.0,0.0,0.002,588,1.0,0,0,0,0,588,1.0,0,0,0,0,588,1.0,0,0,0,0,,,,,,,,,,,,,,,,,,,,,,,,,,,,,,,,,,,,,,,,,,,,,,,,,,,,,,,,,,,,,,,,,,,,,,,,,,,,,,,,,,,,,,,,,,,,,,,,,,,,,,,,,,,,,,,,,,,,,,,,,,,,,,,,,,,,,,,
B60R,650,1.0,0.0015384615384615385,0.01,0.005,0.002,650,1.0,0,0,0,0,650,1.0,0,0,0,0,650,1.0,0,0,0,0,,,,,,,,,,,,,,,,,,,,,,,,,,,,,,,,,,,,,,,,,,,,,,,,,,,,,,,,,,,,,,,,,,,,,,,,,,,,,,,,,,,,,,,,,,,,,,,,,,,,,,,,,,,,,,,,,,,,,,,,,,,,,,,,,,,,,,,
F24H,129,1.0,0.007751937984496124,0.01,,,129,1.0,0,0,0,0,129,1.0,0,0,0,0,129,1.0,0,0,0,0,,,,,,,,,,,,,,,,,,,,,,,,,,,,,,,,,,,,,,,,,,,,,,,0.007751937984496124,,,,,,,,,,,,,,,,,,,,,,,,,,,,,,,,,,,,,,,,,,,,,,,,,,,,,,,,,,,,,,,,,,,,,,,,,,,,,,,,,,,,,,,,
F25D,270,1.0,0.003703703703703704,0.01,0.005,,270,1.0,0,0,0,0,270,1.0,0,0,0,0,270,1.0,0,0,0,0,,,,,,,,,,,,,,,,,,,,,,,,,,,,,,,,,,,,,,,,,,,,,,,,,,,,,,,,,,,,,,,,,,,,,,,,,,,,,,,,,,,,,,,,,,,,,,,,,,,,,,,,,,,0.003703703703703704,,,,,,,,,,,,,,,,,,,,,,,,,,,,
F27B,152,1.0,0.006578947368421052,0.01,,,152,1.0,0,0,0,0,152,1.0,0,0,0,0,152,1.0,0,0,0,0,,,,,,,,,,,,,,,,,,,,,,,,,,,,,,,,,,,,,,,,,,,,,,,,,,,,,,,,,,,,,,,,,,,,,,,,,,,,,,,,,,,,,,,,,,,,,,,,,,,,,,,,,,,,,0.006578947368421052,,,,,,,,,,,,,,,,,,,,,,,,,,
F25J,128,1.0,0.0078125,0.01,,,128,1.0,0,0,0,0,128,1.0,0,0,0,0,128,1.0,0,0,0,0,,,,,,,,,,,,,,,,,,,,,,,,,,,,,,,,,,,,,,,,,,,,,,,,,,,,,,,,,,,,,,,,,,,,,,,,,,,,,,,,,,,,,,,,,,,,,,,,,,,,,,,,,,,,0.0078125,,,,,,,,,,,,,,,,,,,,,,,,,,,
G01P,171,1.0,0.005847953216374269,0.01,,,171,1.0,0,0,0,0,171,1.0,0,0,0,0,171,1.0,0,0,0,0,,,,,,,,,,,,,,,,,,,,,,,,,,,,,,,,,,,,,,,,,,,,,,,,,,,,,,,,,,,,,,,,,,,,,,,,,,,,,,,,,,,,,,,,,,,,,,,,,,,,0.005847953216374269,,,,,,,,,,,,,,,,,,,,,,,,,,,,,,,,,,,
F23Q,72,1.0,0.013888888888888888,,,,72,1.0,0,0,0,0,72,1.0,0,0,0,0,72,1.0,0,0,0,0,,,,,,,,,,,,,,,,,,,,,,,,,,,,,,,,,,,,,,,,,,,,,,,,,,,,,,,,,,,,,,,,,,,,,,,,,,,,,,,,,,,,,,,,,,,,,,,,,,,,,,,,,0.013888888888888888,,,,,,,,,,,,,,,,,,,,,,,,,,,,,,
B41M,338,1.0,0.0029585798816568047,0.01,0.005,,338,1.0,0,0,0,0,338,1.0,0,0,0,0,338,1.0,0,0,0,0,,,,,,,,,,,,,,,,,,,,,,,,,,,,,,,,,,,,,,,,,,,,,,,,,0.0029585798816568047,,,,,,,,,,,,,,,,,,,,,,,,,,,,,,,,,,,,,,,,,,,,,,,,,,,,,,,,,,,,,,,,,,,,,,,,,,,,,,,,,,,,,,
G01M,409,1.0,0.0024449877750611247,0.0,0.005,,409,1.0,0,0,0,0,409,1.0,0,0,0,0,409,1.0,0,0,0,0,,,,,,,,,,,,,,,,,,,,,,,,,,,,,,,,,,,,,,,,,,,,,,,,,,,,,,,,,,,,,,,,,,,,,,,,,,,,,,,,,,,,,,,,,,,,,,,,,,,,,,,,,,,,,,,,,,,,,0.0024449877750611247,,,,,,,,,,,,,,,,,,
F16M,327,1.0,0.0030581039755351682,0.0,0.005,,327,1.0,0,0,0,0,327,1.0,0,0,0,0,327,1.0,0,0,0,0,,,,,,,,,,,,,,,,,,,,,,,,,,,,,,,,,,,,,,,,,,,,,,,,,,,0.0030581039755351682,,,,,,,,,,,,,,,,,,,,,,,,,,,,,,,,,,,,,,,,,,,,,,,,,,,,,,,,,,,,,,,,,,,,,,,,,,,,,,,,,,,,
F16L,983,1.0,0.001017293997965412,0.0,0.005,0.002,983,1.0,0,0,0,0,983,1.0,0,0,0,0,983,1.0,0,0,0,0,,,,,,,,,,,,,,,,,,,,,,,,,,,,,,,,,,,,,,,,,,,,,,,,,,,,,,,,,,,,,,,,,,,,,,,,,,,,,,,,,,,,,,,,,,,,,,,,,,,,,,,,,,,,,,,,,,,,,,,,,,,,,,,,,,,,,,,
F16K,1136,1.0,0.0008802816901408451,0.0,0.0,0.0,1136,1.0,0,0,0,0,1136,1.0,0,0,0,0,1136,1.0,0,0,0,0,,,,,,,,,,,,,,,,,,,,,,,,,,,,,,,,,,,,,,,,,,,,,,,,,,,,,,,,,,,,,,,,,,,,,,,,,,,,,,,,,,,,,,,,,,,,,,,,,,,,,,,,,,,,,,,,,,,,,,,,,,,,,,,,,,,,,,,
F16J,380,1.0,0.002631578947368421,0.0,0.005,,380,1.0,0,0,0,0,380,1.0,0,0,0,0,380,1.0,0,0,0,0,,,,,,,,,,,,,,,,,,,,,,,,,,,,,,,,,,,,,,,,,,,,,,,,,,,,,,,,,,,,,,,,,,,,,,,,,,,,,,,,,,,,,,,,,,,,,,,,,,,,,0.002631578947368421,,,,,,,,,,,,,,,,,,,,,,,,,,,,,,,,,,
B63B,451,1.0,0.0022172949002217295,0.0,0.0,,451,1.0,0,0,0,0,451,1.0,0,0,0,0,451,1.0,0,0,0,0,,,,,,,,,,,,,,,,,,,,,,,,,,,,,,,,,,,,,,,,,,,,,,,,,,,,,,,,0.0022172949002217295,,,,,,,,,,,,,,,,,,,,,,,,,,,,,,,,,,,,,,,,,,,,,,,,,,,,,,,,,,,,,,,,,,,,,,,,,,,,,,,
B62K,127,1.0,0.007874015748031496,0.01,,,127,1.0,0,0,0,0,127,1.0,0,0,0,0,127,1.0,0,0,0,0,,,,,,,,,,,,,,,,,,,,,,,,,,,,,,,,,,,,,,,,,,,,,,,,,,,,,0.007874015748031496,,,,,,,,,,,,,,,,,,,,,,,,,,,,,,,,,,,,,,,,,,,,,,,,,,,,,,,,,,,,,,,,,,,,,,,,,,,,,,,,,,
B62B,228,1.0,0.0043859649122807015,0.01,0.005,,228,1.0,0,0,0,0,228,1.0,0,0,0,0,228,1.0,0,0,0,0,,,,,,,,,,,,,,,,,,,,,,,,,,,,,,,,,,,,,,,,,,,,,,,,,,,,,,,0.0043859649122807015,,,,,,,,,,,,,,,,,,,,,,,,,,,,,,,,,,,,,,,,,,,,,,,,,,,,,,,,,,,,,,,,,,,,,,,,,,,,,,,,
B61B,69,1.0,0.014492753623188406,,,,69,1.0,0,0,0,0,69,1.0,0,0,0,0,69,1.0,0,0,0,0,,,,,,,,,,,,,,,,,,,,,,,,,,,,,,,,,,,,,,,,,,,,,,,,,,,,,,0.014492753623188406,,,,,,,,,,,,,,,,,,,,,,,,,,,,,,,,,,,,,,,,,,,,,,,,,,,,,,,,,,,,,,,,,,,,,,,,,,,,,,,,,
B65C,55,1.0,0.01818181818181818,,,,55,1.0,0,0,0,0,55,1.0,0,0,0,0,55,1.0,0,0,0,0,0.01818181818181818,,,,,,,,,,,,,,,,,,,,,,,,,,,,,,,,,,,,,,,,,,,,,,,,,,,,,,,,,,,,,,,,,,,,,,,,,,,,,,,,,,,,,,,,,,,,,,,,,,,,,,,,,,,,,,,,,,,,,,,,,,,,,,,,,,,,,,
B65B,957,1.0,0.0010449320794148381,0.0,0.0,0.002,957,1.0,0,0,0,0,957,1.0,0,0,0,0,957,1.0,0,0,0,0,,,,,,,,,,,,,,,,,,,,,,,,,,,,,,,,,,,,,,,,,,,,,,,,,,,,,,,,,,,,,,,,,,,,,,,,,,,,,,,,,,,,,,,,,,,,,,,,,,,,,,,,,,,,,,,,,,,,,,,,,,,,,,,,,,,,,,,
B65G,1253,1.0,0.0007980845969672786,0.0,0.0,0.0,1253,1.0,0,0,0,0,1253,1.0,0,0,0,0,1253,1.0,0,0,0,0,,,,,,,,,,,,,,,,,,,,,,,,,,,,,,,,,,,,,,,,,,,,,,,,,,,,,,,,,,,,,,,,,,,,,,,,,,,,,,,,,,,,,,,,,,,,,,,,,,,,,,,,,,,,,,,,,,,,,,,,,,,,,,,,,,,,,,,
F17C,58,1.0,0.017241379310344827,,,,58,1.0,0,0,0,0,58,1.0,0,0,0,0,58,1.0,0,0,0,0,,,,,,,,,,,,,,,,,,,,,,,,,,,,,,,,,,,,,,,,,,,,,,,,,,,,,,,,,,,,,,,,,,,,,,,,,,,,,,,,,,,,,,,,,,,,,,,,,,,,,,0.017241379310344827,,,,,,,,,,,,,,,,,,,,,,,,,,,,,,,,,
B64D,181,1.0,0.0055248618784530384,0.0,,,181,1.0,0,0,0,0,181,1.0,0,0,0,0,181,1.0,0,0,0,0,,,,,,,,,,,,,,,,,,,,,,,,,,,,,,,,,,,,,,,,,,,,,,,,,,,,,,,,,,0.0055248618784530384,,,,,,,,,,,,,,,,,,,,,,,,,,,,,,,,,,,,,,,,,,,,,,,,,,,,,,,,,,,,,,,,,,,,,,,,,,,,,
B64G,91,1.0,0.01098901098901099,,,,91,1.0,0,0,0,0,91,1.0,0,0,0,0,91,1.0,0,0,0,0,,,,,,,,,,,,,,,,,,,,,,,,,,,,,,,,,,,,,,,,,,,,,,,,,,,,,,,,,,,0.01098901098901099,,,,,,,,,,,,,,,,,,,,,,,,,,,,,,,,,,,,,,,,,,,,,,,,,,,,,,,,,,,,,,,,,,,,,,,,,,,,
F23C,52,1.0,0.019230769230769232,,,,52,1.0,0,0,0,0,52,1.0,0,0,0,0,52,1.0,0,0,0,0,,,,,,,,,,,,,,,,,,,,,,,,,,,,,,,,,,,,,,,,,,,,,,,,,,,,,,,,,,,,,,,,,,,,,,,,,,,,,,,,,,,,,,,,,,,,,,,,,,,,,,,,0.019230769230769232,,,,,,,,,,,,,,,,,,,,,,,,,,,,,,,
F23G,78,1.0,0.01282051282051282,,,,78,1.0,0,0,0,0,78,1.0,0,0,0,0,78,1.0,0,0,0,0,,,,,,,,,,,,,,,,,,,,,,,,,,,,,,,,,,,,,,,,,,,,,,,,,,,,,,,,,,,,,,,0.01282051282051282,,,,,,,,,,,,,,,,,,,,,,,,,,,,,,,,,,,,,,,,,,,,,,,,,,,,,,,,,,,,,,,,,,,,,,,,
C02F,528,1.0,0.001893939393939394,0.0,0.005,0.002,528,1.0,0,0,0,0,528,1.0,0,0,0,0,528,1.0,0,0,0,0,,,,,,,,,,,,,,,,,,,,,,,,,,,,,,,,,,,,,,,,,,,,,,,,,,,,,,,,,,,,,,,,,,,,,,,,,,,,,,,,,,,,,,,,,,,,,,,,,,,,,,,,,,,,,,,,,,,,,,,,,,,,,,,,,,,,,,,
C01B,587,1.0,0.0017035775127768314,0.0,0.0,0.0,587,1.0,0,0,0,0,587,1.0,0,0,0,0,587,1.0,0,0,0,0,,,,,,,,,,,,,,,,,,,,,,,,,,,,,,,,,,,,,,,,,,,,,,,,,,,,,,,,,,,,,,,,,,,,,,,,,,,,,,,,,,,,,,,,,,,,,,,,,,,,,,,,,,,,,,,,,,,,,,,,,,,,,,,,,,,,,,,
B67B,126,1.0,0.007936507936507936,0.01,,,126,1.0,0,0,0,0,126,1.0,0,0,0,0,126,1.0,0,0,0,0,,,,,,,,,,,,,,,,,,,,,,,,,,,,,,,,,,,,,,,,,,,,,,,,,,,,,,,,,,,,,0.007936507936507936,,,,,,,,,,,,,,,,,,,,,,,,,,,,,,,,,,,,,,,,,,,,,,,,,,,,,,,,,,,,,,,,,,,,,,,,,,
B66D,56,1.0,0.017857142857142856,,,,56,1.0,0,0,0,0,56,1.0,0,0,0,0,56,1.0,0,0,0,0,,,,,,,,,,,,,,,,,,,,,,,,,,,0.017857142857142856,,,,,,,,,,,,,,,,,,,,,,,,,,,,,,,,,,,,,,,,,,,,,,,,,,,,,,,,,,,,,,,,,,,,,,,,,,,,,,,,,,,,,,,,,,,,,,,,,,,,,,,,,,,,
B66C,237,1.0,0.004219409282700422,0.01,0.005,,237,1.0,0,0,0,0,237,1.0,0,0,0,0,237,1.0,0,0,0,0,,,,,,,,,,,,,,,,,,,,,,,,,,,,,,,,,,,,,,,,,,,,,,,,,,,,,,,,,,,,0.004219409282700422,,,,,,,,,,,,,,,,,,,,,,,,,,,,,,,,,,,,,,,,,,,,,,,,,,,,,,,,,,,,,,,,,,,,,,,,,,,
C06B,78,1.0,0.01282051282051282,,,,78,1.0,0,0,0,0,78,1.0,0,0,0,0,78,1.0,0,0,0,0,,,,,,,,,,,,,,,,,,,,,,,,,,,,,,,,,,,,,,,,,,,,,,,,,,,,,,,,,,,,,,,0.01282051282051282,,,,,,,,,,,,,,,,,,,,,,,,,,,,,,,,,,,,,,,,,,,,,,,,,,,,,,,,,,,,,,,,,,,,,,,,
C07K,291,1.0,0.003436426116838488,0.01,0.005,,291,1.0,0,0,0,0,291,1.0,0,0,0,0,291,1.0,0,0,0,0,,,,,,,,,,,,,,,,,,,,,,,,,,,,,,,,,,,,,,,,,,,,,,,,,,,,,,,,,,,,,,,,,,0.003436426116838488,,,,,,,,,,,,,,,,,,,,,,,,,,,,,,,,,,,,,,,,,,,,,,,,,,,,,,,,,,,,,,,,,,,,,
F41B,149,1.0,0.006711409395973154,0.0,,,149,1.0,0,0,0,0,149,1.0,0,0,0,0,149,1.0,0,0,0,0,,,,,,,,,,,,,,,,,,,,,,,,,,,,,,,,,,,,,,,,,,,,,,,,,,,,,,,,,,,,,,,,,,,,,,,,,,,,,,,,,,,,,,,,,,,,,,,,,,,,,,,,,,,,,,0.006711409395973154,,,,,,,,,,,,,,,,,,,,,,,,,
B43K,86,1.0,0.011627906976744186,,,,86,1.0,0,0,0,0,86,1.0,0,0,0,0,86,1.0,0,0,0,0,,,,,,,,,,0.011627906976744186,,,,,,,,,,,,,,,,,,,,,,,,,,,,,,,,,,,,,,,,,,,,,,,,,,,,,,,,,,,,,,,,,,,,,,,,,,,,,,,,,,,,,,,,,,,,,,,,,,,,,,,,,,,,,,,,,,,,,,,,,,,,,
B43L,62,1.0,0.016129032258064516,,,,62,1.0,0,0,0,0,62,1.0,0,0,0,0,62,1.0,0,0,0,0,,,,,,,,,,,,,,,,,,,,,,,,,,,,,,,,,,,,,,,,,,,,,,,,,,0.016129032258064516,,,,,,,,,,,,,,,,,,,,,,,,,,,,,,,,,,,,,,,,,,,,,,,,,,,,,,,,,,,,,,,,,,,,,,,,,,,,,,,,,,,,,
B60G,329,1.0,0.00303951367781155,0.01,0.005,,329,1.0,0,0,0,0,329,1.0,0,0,0,0,329,1.0,0,0,0,0,,,,,,,,,,,,,,,,,,,,,,,,,,,,,,,,,,,,,,,,,,,,,,,,,,,,0.00303951367781155,,,,,,,,,,,,,,,,,,,,,,,,,,,,,,,,,,,,,,,,,,,,,,,,,,,,,,,,,,,,,,,,,,,,,,,,,,,,,,,,,,,
B60C,327,1.0,0.0030581039755351682,0.0,0.0,,327,1.0,0,0,0,0,327,1.0,0,0,0,0,327,1.0,0,0,0,0,,,,,,,,,,,,,,,,,,,,,,,,,,,,,,,,,,,,,,,,,,,,,,,,,,,0.0030581039755351682,,,,,,,,,,,,,,,,,,,,,,,,,,,,,,,,,,,,,,,,,,,,,,,,,,,,,,,,,,,,,,,,,,,,,,,,,,,,,,,,,,,,
B60H,127,1.0,0.007874015748031496,0.01,,,127,1.0,0,0,0,0,127,1.0,0,0,0,0,127,1.0,0,0,0,0,,,,,,,,,,,,,,,,,,,,,,,,,,,,,,,,,,,,,,,,,,,,,,,,,,,,,0.007874015748031496,,,,,,,,,,,,,,,,,,,,,,,,,,,,,,,,,,,,,,,,,,,,,,,,,,,,,,,,,,,,,,,,,,,,,,,,,,,,,,,,,,
B25G,139,1.0,0.007194244604316547,0.01,,,139,1.0,0,0,0,0,139,1.0,0,0,0,0,139,1.0,0,0,0,0,,,,,,,,,,,,,,,0.007194244604316547,,,,,,,,,,,,,,,,,,,,,,,,,,,,,,,,,,,,,,,,,,,,,,,,,,,,,,,,,,,,,,,,,,,,,,,,,,,,,,,,,,,,,,,,,,,,,,,,,,,,,,,,,,,,,,,,,,,,,,,,
F24C,142,1.0,0.007042253521126761,0.0,,,142,1.0,0,0,0,0,142,1.0,0,0,0,0,142,1.0,0,0,0,0,,,,,,,,,,,,,,,,,,,,,,,,,,,,,,,,,,,,,,,,,,,,,,,,,,,,,,,,,,,,,,,,,,,,,,,,,,,,,,,,,,,,,,,,,,,,,,,,,,,,,,,,,,0.007042253521126761,,,,,,,,,,,,,,,,,,,,,,,,,,,,,
G01L,431,1.0,0.002320185614849188,0.0,0.0,,431,1.0,0,0,0,0,431,1.0,0,0,0,0,431,1.0,0,0,0,0,,,,,,,,,,,,,,,,,,,,,,,,,,,,,,,,,,,,,,,,,,,,,,,,,,,,,,,,,,,,,,,,,,,,,,,,,,,,,,,,,,,,,,,,,,,,,,,,,,,,,,,,,,,,,,,,,,,,0.002320185614849188,,,,,,,,,,,,,,,,,,,
F04D,257,1.0,0.0038910505836575876,0.01,0.005,,257,1.0,0,0,0,0,257,1.0,0,0,0,0,257,1.0,0,0,0,0,,,,,,,,,,,,,,,,,,,,,,,,,,,,,,,,,,,,,,,,,,,,,,,,,,,,,,,,,,,,,,,,,,,,,,,,,,,,,,,,,,,,,,,,,,,,,,,,,0.0038910505836575876,,,,,,,,,,,,,,,,,,,,,,,,,,,,,,,,,,,,,,
F04C,183,1.0,0.00546448087431694,0.0,,,183,1.0,0,0,0,0,183,1.0,0,0,0,0,183,1.0,0,0,0,0,,,,,,,,,,,,,,,,,,0.00546448087431694,,,,,,,,,,,,,,,,,,,,,,,,,,,,,,,,,,,,,,,,,,,,,,,,,,,,,,,,,,,,,,,,,,,,,,,,,,,,,,,,,,,,,,,,,,,,,,,,,,,,,,,,,,,,,,,,,,,,,
F04B,735,1.0,0.0013605442176870747,0.0,0.0,0.002,735,1.0,0,0,0,0,735,1.0,0,0,0,0,735,1.0,0,0,0,0,,,,,,,,,,,,,,,,,,,,,,,,,,,,,,,,,,,,,,,,,,,,,,,,,,,,,,,,,,,,,,,,,,,,,,,,,,,,,,,,,,,,,,,,,,,,,,,,,,,,,,,,,,,,,,,,,,,,,,,,,,,,,,,,,,,,,,,
F02M,615,1.0,0.0016260162601626016,0.01,0.005,0.002,615,1.0,0,0,0,0,615,1.0,0,0,0,0,615,1.0,0,0,0,0,,,,,,,,,,,,,,,,,,,,,,,,,,,,,,,,,,,,,,,,,,,,,,,,,,,,,,,,,,,,,,,,,,,,,,,,,,,,,,,,,,,,,,,,,,,,,,,,,,,,,,,,,,,,,,,,,,,,,,,,,,,,,,,,,,,,,,,
F02K,133,1.0,0.007518796992481203,0.01,,,133,1.0,0,0,0,0,133,1.0,0,0,0,0,133,1.0,0,0,0,0,,,,,,,,,,,,,,,,,,,,,,,,,,,,,,,,,,,,,,,,,,,,,,,,,,,,,,,,,,,,,,,,,,,,,,,,,,,,,,,,,,0.007518796992481203,,,,,,,,,,,,,,,,,,,,,,,,,,,,,,,,,,,,,,,,,,,,,,,,,,,,,
B63H,376,1.0,0.0026595744680851063,0.01,0.005,,376,1.0,0,0,0,0,376,1.0,0,0,0,0,376,1.0,0,0,0,0,,,,,,,,,,,,,,,,,,,,,,,,,,,,,,,,,,,,,,,,,,,,,,,,,,,,,,,,,0.0026595744680851063,,,,,,,,,,,,,,,,,,,,,,,,,,,,,,,,,,,,,,,,,,,,,,,,,,,,,,,,,,,,,,,,,,,,,,,,,,,,,,
C08J,383,1.0,0.0026109660574412533,0.0,0.0,,383,1.0,0,0,0,0,383,1.0,0,0,0,0,383,1.0,0,0,0,0,,,,,,,,,,,,,,,,,,,,,,,,,,,,,,,,,,,,,,,,,,,,,,,,,,,,,,,,,,,,,,,,,,,0.0026109660574412533,,,,,,,,,,,,,,,,,,,,,,,,,,,,,,,,,,,,,,,,,,,,,,,,,,,,,,,,,,,,,,,,,,,,
C08B,86,1.0,0.011627906976744186,,,,86,1.0,0,0,0,0,86,1.0,0,0,0,0,86,1.0,0,0,0,0,,,,,,,,,,0.011627906976744186,,,,,,,,,,,,,,,,,,,,,,,,,,,,,,,,,,,,,,,,,,,,,,,,,,,,,,,,,,,,,,,,,,,,,,,,,,,,,,,,,,,,,,,,,,,,,,,,,,,,,,,,,,,,,,,,,,,,,,,,,,,,,
C07H,166,1.0,0.006024096385542169,0.01,,,166,1.0,0,0,0,0,166,1.0,0,0,0,0,166,1.0,0,0,0,0,,,,,,,,,,,,,,,,,,,,,,,,,,,,,,,,,,,,,,,,,,,,,,,,,,,,,,,,,,,,,,,,,0.006024096385542169,,,,,,,,,,,,,,,,,,,,,,,,,,,,,,,,,,,,,,,,,,,,,,,,,,,,,,,,,,,,,,,,,,,,,,
C10L,230,1.0,0.004347826086956522,0.0,0.005,,230,1.0,0,0,0,0,230,1.0,0,0,0,0,230,1.0,0,0,0,0,,,,,,,,,,,,,,,,,,,,,,,,,,,,,,,,,,,,,,,,,,,,,,,,,,,,,,,,,,,,,,,,,,,,,,0.004347826086956522,,,,,,,,,,,,,,,,,,,,,,,,,,,,,,,,,,,,,,,,,,,,,,,,,,,,,,,,,,,,,,,,,
C12M,124,1.0,0.008064516129032258,0.01,,,124,1.0,0,0,0,0,124,1.0,0,0,0,0,124,1.0,0,0,0,0,,,,,,,,,,,,,,,,,,,,,,,,,,,,,,,,,,,,,,,,,,,,,,,,,,,,,,,,,,,,,,,,,,,,,,,,0.008064516129032258,,,,,,,,,,,,,,,,,,,,,,,,,,,,,,,,,,,,,,,,,,,,,,,,,,,,,,,,,,,,,,,
C10J,75,1.0,0.013333333333333334,,,,75,1.0,0,0,0,0,75,1.0,0,0,0,0,75,1.0,0,0,0,0,,,,,,,,,,,,,,,,,,,,,,,,,,,,,,,,,,,,,,,,,,,,,,,,,,,,,,,,,,,,,,,,,,,,,0.013333333333333334,,,,,,,,,,,,,,,,,,,,,,,,,,,,,,,,,,,,,,,,,,,,,,,,,,,,,,,,,,,,,,,,,,
C09B,247,1.0,0.004048582995951417,0.0,0.005,,247,1.0,0,0,0,0,247,1.0,0,0,0,0,247,1.0,0,0,0,0,,,,,,,,,,,,,,,,,,,,,,,,,,,,,,,,,,,,,,,,,,,,,,,,,,,,,,,,,,,,,,,,,,,,0.004048582995951417,,,,,,,,,,,,,,,,,,,,,,,,,,,,,,,,,,,,,,,,,,,,,,,,,,,,,,,,,,,,,,,,,,,
C09J,98,1.0,0.01020408163265306,,,,98,1.0,0,0,0,0,98,1.0,0,0,0,0,98,1.0,0,0,0,0,,,,,,,,,,,,,,,,,,,,,,,,,,,,,,,,,0.01020408163265306,,,,,,,,,,,,,,,,,,,,,,,,,,,,,,,,,,,,,,,,,,,,,,,,,,,,,,,,,,,,,,,,,,,,,,,,,,,,,,,,,,,,,,,,,,,,,,,,,,,,,,
F16B,613,1.0,0.0016313213703099511,0.0,0.0,0.002,613,1.0,0,0,0,0,613,1.0,0,0,0,0,613,1.0,0,0,0,0,,,,,,,,,,,,,,,,,,,,,,,,,,,,,,,,,,,,,,,,,,,,,,,,,,,,,,,,,,,,,,,,,,,,,,,,,,,,,,,,,,,,,,,,,,,,,,,,,,,,,,,,,,,,,,,,,,,,,,,,,,,,,,,,,,,,,,,
F15B,402,1.0,0.0024875621890547263,0.0,0.0,,402,1.0,0,0,0,0,402,1.0,0,0,0,0,402,1.0,0,0,0,0,,,,,,,,,,,,,,,,,,,,,,,,,,,,,,,,,,,,,,,,,,,,,,,,,,,,,,,,,,,,,,,,,,,,,,,,,,,,,,,,,,,,,,,,,,,,,,,,,,0.0024875621890547263,,,,,,,,,,,,,,,,,,,,,,,,,,,,,,,,,,,,,
C21C,130,1.0,0.007692307692307693,0.0,,,130,1.0,0,0,0,0,130,1.0,0,0,0,0,130,1.0,0,0,0,0,,,,,,,,,,,,,,,,,,,,,,,,,,,,,,,,,,,,,,,,,,,,,,,,,,,,,,,,,,,,,,,,,,,,,,,,,,,,0.007692307692307693,,,,,,,,,,,,,,,,,,,,,,,,,,,,,,,,,,,,,,,,,,,,,,,,,,,,,,,,,,,
C23C,465,1.0,0.002150537634408602,0.01,0.005,,465,1.0,0,0,0,0,465,1.0,0,0,0,0,465,1.0,0,0,0,0,,,,,,,,,,,,,,,,,,,,,,,,,,,,,,,,,,,,,,,,,,,,,,,,,,,,,,,,,,,,,,,,,,,,,,,,,,,,,0.002150537634408602,,,,,,,,,,,,,,,,,,,,,,,,,,,,,,,,,,,,,,,,,,,,,,,,,,,,,,,,,,
C25B,218,1.0,0.0045871559633027525,0.0,0.005,,218,1.0,0,0,0,0,218,1.0,0,0,0,0,218,1.0,0,0,0,0,,,,,,,,,,,,,,,,,,,,,,,,,,,,,,,,,,,,,,,,,,,,,,,,,,,,,,,,,,,,,,,,,,,,,,,,,,,,,,0.0045871559633027525,,,,,,,,,,,,,,,,,,,,,,,,,,,,,,,,,,,,,,,,,,,,,,,,,,,,,,,,,
C30B,98,1.0,0.01020408163265306,,,,98,1.0,0,0,0,0,98,1.0,0,0,0,0,98,1.0,0,0,0,0,,,,,,,,,,,,,,,,,,,,,,,,,,,,,,,,,0.01020408163265306,,,,,,,,,,,,,,,,,,,,,,,,,,,,,,,,,,,,,,,,,,,,,,,,,,,,,,,,,,,,,,,,,,,,,,,,,,,,,,,,,,,,,,,,,,,,,,,,,,,,,,
E06C,88,1.0,0.011363636363636364,,,,88,1.0,0,0,0,0,88,1.0,0,0,0,0,88,1.0,0,0,0,0,,,,,,,,,,,,,,,,,,,,,,,,,,,,,,,,,,,,,,,,,,0.011363636363636364,,,,,,,,,,,,,,,,,,,,,,,,,,,,,,,,,,,,,,,,,,,,,,,,,,,,,,,,,,,,,,,,,,,,,,,,,,,,,,,,,,,,,,,,,,,,,
E21C,94,1.0,0.010638297872340425,,,,94,1.0,0,0,0,0,94,1.0,0,0,0,0,94,1.0,0,0,0,0,,,,,,,,,,,,,,,,,,,,,,,,,,,,,,,,,,,,,,,,,,,,,,,,,,,,,,,,,,,,,,,,,,,,,,,,,,,,,,,,,,,,,,,,,,,,0.010638297872340425,,,,,,,,,,,,,,,,,,,,,,,,,,,,,,,,,,,,,,,,,,,
F01B,225,1.0,0.0044444444444444444,0.01,0.005,,225,1.0,0,0,0,0,225,1.0,0,0,0,0,225,1.0,0,0,0,0,,,,,,,,,,,,,,,,,,,,,,,,,,,,,,,,,,,,,,,,,,,,,,,,,,,,,,,,,,,,,,,,,,,,,,,,,,,,,,,,,,,,,,,,,,,,,0.0044444444444444444,,,,,,,,,,,,,,,,,,,,,,,,,,,,,,,,,,,,,,,,,,
F01D,278,1.0,0.0035971223021582736,0.0,0.0,,278,1.0,0,0,0,0,278,1.0,0,0,0,0,278,1.0,0,0,0,0,,,,,,,,,,,,,,,,,,,,,,,,,,,,,,,,,,,,,,,,,0.0035971223021582736,,,,,,,,,,,,,,,,,,,,,,,,,,,,,,,,,,,,,,,,,,,,,,,,,,,,,,,,,,,,,,,,,,,,,,,,,,,,,,,,,,,,,,,,,,,,,,
F01M,106,1.0,0.009433962264150943,0.01,,,106,1.0,0,0,0,0,106,1.0,0,0,0,0,106,1.0,0,0,0,0,,,,,,,,,,,,,,,,,,,,,,,,,,,,,,,,,,,,,,,,,,,,,,,,,,,,,,,,,,,,,,,,,,,,,,,,,,,,,,,,,,,,,,,,,,,,,,0.009433962264150943,,,,,,,,,,,,,,,,,,,,,,,,,,,,,,,,,,,,,,,,,
F01P,102,1.0,0.00980392156862745,0.01,,,102,1.0,0,0,0,0,102,1.0,0,0,0,0,102,1.0,0,0,0,0,,,,,,,,,,,,,,,,,,,,,,,,,,,,,,,,,,,,,,,,,,,,,,,,,,,,,,,,,,,,,,,,,,,,,,,,,,,,,,,,,,,,,,,,,,,,,,,0.00980392156862745,,,,,,,,,,,,,,,,,,,,,,,,,,,,,,,,,,,,,,,,
F02D,374,1.0,0.00267379679144385,0.0,0.0,,374,1.0,0,0,0,0,374,1.0,0,0,0,0,374,1.0,0,0,0,0,,,,,,,,,,,,,,,,,,,,,,,,,,,,,,,,,,,,,,,,,,,,,,,,,,,,,,,,,,,,,,,,,,,,,,,,,,,,,,,,,,,,,,,,,,,,,,,,0.00267379679144385,,,,,,,,,,,,,,,,,,,,,,,,,,,,,,,,,,,,,,,
C10M,383,1.0,0.0026109660574412533,0.0,0.005,,383,1.0,0,0,0,0,383,1.0,0,0,0,0,383,1.0,0,0,0,0,,,,,,,,,,,,,,,,,,,,,,,,,,,,,,,,,,,,,,,,,,,,,,,,,,,,,,,,,,,,,,,,,,,0.0026109660574412533,,,,,,,,,,,,,,,,,,,,,,,,,,,,,,,,,,,,,,,,,,,,,,,,,,,,,,,,,,,,,,,,,,,,
C12N,471,1.0,0.0021231422505307855,0.0,0.0,,471,1.0,0,0,0,0,471,1.0,0,0,0,0,471,1.0,0,0,0,0,,,,,,,,,,,,,,,,,,,,,,,,,,,,,,,,,,,,,,,,,,,,,,,,,,,,,,,,,,,,,,,,,,,,,,,,,0.0021231422505307855,,,,,,,,,,,,,,,,,,,,,,,,,,,,,,,,,,,,,,,,,,,,,,,,,,,,,,,,,,,,,,
C12Q,327,1.0,0.0030581039755351682,0.01,0.005,,327,1.0,0,0,0,0,327,1.0,0,0,0,0,327,1.0,0,0,0,0,,,,,,,,,,,,,,,,,,,,,,,,,,,,,,,,,,,,,,,,,,,,,,,,,,,0.0030581039755351682,,,,,,,,,,,,,,,,,,,,,,,,,,,,,,,,,,,,,,,,,,,,,,,,,,,,,,,,,,,,,,,,,,,,,,,,,,,,,,,,,,,,
C01F,77,1.0,0.012987012987012988,,,,77,1.0,0,0,0,0,77,1.0,0,0,0,0,77,1.0,0,0,0,0,,,,,,,,,,,,,,,,,,,,,,,,,,,,,,,,,,,,,,,,,,,,,,,,,,,,,,,,,,,,,,0.012987012987012988,,,,,,,,,,,,,,,,,,,,,,,,,,,,,,,,,,,,,,,,,,,,,,,,,,,,,,,,,,,,,,,,,,,,,,,,,
F16F,459,1.0,0.002178649237472767,0.0,0.005,,459,1.0,0,0,0,0,459,1.0,0,0,0,0,459,1.0,0,0,0,0,,,,,,,,,,,,,,,,,,,,,,,,,,,,,,,,,,,,,,,,,,,,,,,,,,,,,,,,,,,,,,,,,,,,,,,,,,,,,,,,,,,,,,,,,,,,,,,,,,,0.002178649237472767,,,,,,,,,,,,,,,,,,,,,,,,,,,,,,,,,,,,
E04H,368,1.0,0.002717391304347826,0.0,0.005,,368,1.0,0,0,0,0,368,1.0,0,0,0,0,368,1.0,0,0,0,0,,,,,,,,,,,,,,,,,,,,,,,,,,,,,,,,,,,,,,,,,,,,,,,,,,,,,,,,,,,,,,,,,,,,,,,,,,,,,,,,,,,,,,,,,,0.002717391304347826,,,,,,,,,,,,,,,,,,,,,,,,,,,,,,,,,,,,,,,,,,,,,
E04D,122,1.0,0.00819672131147541,0.0,,,122,1.0,0,0,0,0,122,1.0,0,0,0,0,122,1.0,0,0,0,0,,,,,,,,,,,,,,,,,,,,,,,,,,,,,,,,,,,,,,,,,,,,,,,,,,,,,,,,,,,,,,,,,,,,,,,,,,,,,,,,,,,,,,,,,0.00819672131147541,,,,,,,,,,,,,,,,,,,,,,,,,,,,,,,,,,,,,,,,,,,,,,
E04B,560,1.0,0.0017857142857142857,0.0,0.0,0.002,560,1.0,0,0,0,0,560,1.0,0,0,0,0,560,1.0,0,0,0,0,,,,,,,,,,,,,,,,,,,,,,,,,,,,,,,,,,,,,,,,,,,,,,,,,,,,,,,,,,,,,,,,,,,,,,,,,,,,,,,,,,,,,,,,,,,,,,,,,,,,,,,,,,,,,,,,,,,,,,,,,,,,,,,,,,,,,,,
E03D,101,1.0,0.009900990099009901,0.01,,,101,1.0,0,0,0,0,101,1.0,0,0,0,0,101,1.0,0,0,0,0,,,,,,,,,,,,,,,,,,,,,,,,,,,,,,,,,,,,,,,,,,,,,,,,,,,,,,,,,,,,,,,,,,,,,,,,,,,,,,,,,,,,,,,,0.009900990099009901,,,,,,,,,,,,,,,,,,,,,,,,,,,,,,,,,,,,,,,,,,,,,,,
E02D,233,1.0,0.004291845493562232,0.01,0.005,,233,1.0,0,0,0,0,233,1.0,0,0,0,0,233,1.0,0,0,0,0,,,,,,,,,,,,,,,,,,,,,,,,,,,,,,,,,,,,,,,,,,,,,,,,,,,,,,,,,,,,,,,,,,,,,,,,,,,,,,,,,,,,,,,0.004291845493562232,,,,,,,,,,,,,,,,,,,,,,,,,,,,,,,,,,,,,,,,,,,,,,,,
D06M,127,1.0,0.007874015748031496,0.01,,,127,1.0,0,0,0,0,127,1.0,0,0,0,0,127,1.0,0,0,0,0,,,,,,,,,,,,,,,,,,,,,,,,,,,,,,,,,,,,,,,,,,,,,,,,,,,,,0.007874015748031496,,,,,,,,,,,,,,,,,,,,,,,,,,,,,,,,,,,,,,,,,,,,,,,,,,,,,,,,,,,,,,,,,,,,,,,,,,,,,,,,,,
D06F,133,1.0,0.007518796992481203,0.01,,,133,1.0,0,0,0,0,133,1.0,0,0,0,0,133,1.0,0,0,0,0,,,,,,,,,,,,,,,,,,,,,,,,,,,,,,,,,,,,,,,,,,,,,,,,,,,,,,,,,,,,,,,,,,,,,,,,,,,,,,,,,,0.007518796992481203,,,,,,,,,,,,,,,,,,,,,,,,,,,,,,,,,,,,,,,,,,,,,,,,,,,,,
E05B,472,1.0,0.00211864406779661,0.01,0.005,,472,1.0,0,0,0,0,472,1.0,0,0,0,0,472,1.0,0,0,0,0,,,,,,,,,,,,,,,,,,,,,,,,,,,,,,,,,,,,,,,,,,,,,,,,,,,,,,,,,,,,,,,,,,,,,,,,,,,,,,,,,,,,,,,,,,,0.00211864406779661,,,,,,,,,,,,,,,,,,,,,,,,,,,,,,,,,,,,,,,,,,,,
D21H,87,1.0,0.011494252873563218,,,,87,1.0,0,0,0,0,87,1.0,0,0,0,0,87,1.0,0,0,0,0,,,,,,,,,,,,,,,,,,,,,,,,,,,,,,,,,,,,,,,,,,,,,,,,,,,,,,,,,,,,,,,,,,,,,,,,,,,,,,,,,,,,0.011494252873563218,,,,,,,,,,,,,,,,,,,,,,,,,,,,,,,,,,,,,,,,,,,,,,,,,,,
D21F,104,1.0,0.009615384615384616,0.01,,,104,1.0,0,0,0,0,104,1.0,0,0,0,0,104,1.0,0,0,0,0,,,,,,,,,,,,,,,,,,,,,,,,,,,,,,,,,,,,,,,,,,,,,,,,,,,,,,,,,,,,,,,,,,,,,,,,,,,,,,,,,,,0.009615384615384616,,,,,,,,,,,,,,,,,,,,,,,,,,,,,,,,,,,,,,,,,,,,,,,,,,,,
E01C,197,1.0,0.005076142131979695,0.01,,,197,1.0,0,0,0,0,197,1.0,0,0,0,0,197,1.0,0,0,0,0,,,,,,,,,,,,,,,,,,,,,,,,,,,,,,,,,,,,,,,,,,,,,,,,,,,,,,,,,,,,,,,,,,,,,,,,,,,,,,,,,,,,,0.005076142131979695,,,,,,,,,,,,,,,,,,,,,,,,,,,,,,,,,,,,,,,,,,,,,,,,,,
E01D,66,1.0,0.015151515151515152,,,,66,1.0,0,0,0,0,66,1.0,0,0,0,0,66,1.0,0,0,0,0,,,,,,,,,,,,,,,,,,,,,,,,,,,,,,,,,,,,,,,,,,,,,,,,,,,,,,,,,,,,,,,,,,,,,,,,,,,,,,,,,,,,,,0.015151515151515152,,,,,,,,,,,,,,,,,,,,,,,,,,,,,,,,,,,,,,,,,,,,,,,,,
A01J,55,1.0,0.01818181818181818,,,,55,1.0,0,0,0,0,55,1.0,0,0,0,0,55,1.0,0,0,0,0,0.01818181818181818,,,,,,,,,,,,,,,,,,,,,,,,,,,,,,,,,,,,,,,,,,,,,,,,,,,,,,,,,,,,,,,,,,,,,,,,,,,,,,,,,,,,,,,,,,,,,,,,,,,,,,,,,,,,,,,,,,,,,,,,,,,,,,,,,,,,,,
C21B,95,1.0,0.010526315789473684,,,,95,1.0,0,0,0,0,95,1.0,0,0,0,0,95,1.0,0,0,0,0,,,,,,,,,,,,,,,,,,,,,,,,,,,,,,,,,,,,,,,,,,,,,,,,,,,,,,,,,,,,,,,,,,,,,,,,,,,0.010526315789473684,,,,,,,,,,,,,,,,,,,,,,,,,,,,,,,,,,,,,,,,,,,,,,,,,,,,,,,,,,,,
D02G,167,1.0,0.005988023952095809,0.0,,,167,1.0,0,0,0,0,167,1.0,0,0,0,0,167,1.0,0,0,0,0,,,,,,,,,,,,,,,,,,,,,,,,,,,,,,,,,,,,,,,,,,,,,,,,,,,,,,,,,,,,,,,,,,,,,,,,,,,,,,,0.005988023952095809,,,,,,,,,,,,,,,,,,,,,,,,,,,,,,,,,,,,,,,,,,,,,,,,,,,,,,,,
D06B,79,1.0,0.012658227848101266,,,,79,1.0,0,0,0,0,79,1.0,0,0,0,0,79,1.0,0,0,0,0,,,,,,,,,,,,,,,,,,,,,,,,,,,,,,,,,,,,,,,,,,,,,,,,,,,,,,,,,,,,,,,,,,,,,,,,,,,,,,,,,0.012658227848101266,,,,,,,,,,,,,,,,,,,,,,,,,,,,,,,,,,,,,,,,,,,,,,,,,,,,,,
A22C,202,1.0,0.0049504950495049506,0.01,0.005,,202,1.0,0,0,0,0,202,1.0,0,0,0,0,202,1.0,0,0,0,0,,,0.0049504950495049506,,,,,,,,,,,,,,,,,,,,,,,,,,,,,,,,,,,,,,,,,,,,,,,,,,,,,,,,,,,,,,,,,,,,,,,,,,,,,,,,,,,,,,,,,,,,,,,,,,,,,,,,,,,,,,,,,,,,,,,,,,,,,,,,,,,,
A01M,186,1.0,0.005376344086021506,0.0,,,186,1.0,0,0,0,0,186,1.0,0,0,0,0,186,1.0,0,0,0,0,,0.005376344086021506,,,,,,,,,,,,,,,,,,,,,,,,,,,,,,,,,,,,,,,,,,,,,,,,,,,,,,,,,,,,,,,,,,,,,,,,,,,,,,,,,,,,,,,,,,,,,,,,,,,,,,,,,,,,,,,,,,,,,,,,,,,,,,,,,,,,,
A23B,99,1.0,0.010101010101010102,,,,99,1.0,0,0,0,0,99,1.0,0,0,0,0,99,1.0,0,0,0,0,,,,0.010101010101010102,,,,,,,,,,,,,,,,,,,,,,,,,,,,,,,,,,,,,,,,,,,,,,,,,,,,,,,,,,,,,,,,,,,,,,,,,,,,,,,,,,,,,,,,,,,,,,,,,,,,,,,,,,,,,,,,,,,,,,,,,,,,,,,,,,,
A23D,64,1.0,0.015625,,,,64,1.0,0,0,0,0,64,1.0,0,0,0,0,64,1.0,0,0,0,0,,,,,0.015625,,,,,,,,,,,,,,,,,,,,,,,,,,,,,,,,,,,,,,,,,,,,,,,,,,,,,,,,,,,,,,,,,,,,,,,,,,,,,,,,,,,,,,,,,,,,,,,,,,,,,,,,,,,,,,,,,,,,,,,,,,,,,,,,,,
A23K,110,1.0,0.00909090909090909,0.01,,,110,1.0,0,0,0,0,110,1.0,0,0,0,0,110,1.0,0,0,0,0,,,,,,,0.00909090909090909,,,,,,,,,,,,,,,,,,,,,,,,,,,,,,,,,,,,,,,,,,,,,,,,,,,,,,,,,,,,,,,,,,,,,,,,,,,,,,,,,,,,,,,,,,,,,,,,,,,,,,,,,,,,,,,,,,,,,,,,,,,,,,,,
A23G,153,1.0,0.006535947712418301,0.01,,,153,1.0,0,0,0,0,153,1.0,0,0,0,0,153,1.0,0,0,0,0,,,,,,0.006535947712418301,,,,,,,,,,,,,,,,,,,,,,,,,,,,,,,,,,,,,,,,,,,,,,,,,,,,,,,,,,,,,,,,,,,,,,,,,,,,,,,,,,,,,,,,,,,,,,,,,,,,,,,,,,,,,,,,,,,,,,,,,,,,,,,,,
H01S,857,1.0,0.0011668611435239206,0.0,0.0,0.0,857,1.0,0,0,0,0,857,1.0,0,0,0,0,857,1.0,0,0,0,0,,,,,,,,,,,,,,,,,,,,,,,,,,,,,,,,,,,,,,,,,,,,,,,,,,,,,,,,,,,,,,,,,,,,,,,,,,,,,,,,,,,,,,,,,,,,,,,,,,,,,,,,,,,,,,,,,,,,,,,,,,,,,,,,,,,,,,,
H01T,66,1.0,0.015151515151515152,,,,66,1.0,0,0,0,0,66,1.0,0,0,0,0,66,1.0,0,0,0,0,,,,,,,,,,,,,,,,,,,,,,,,,,,,,,,,,,,,,,,,,,,,,,,,,,,,,,,,,,,,,,,,,,,,,,,,,,,,,,,,,,,,,,0.015151515151515152,,,,,,,,,,,,,,,,,,,,,,,,,,,,,,,,,,,,,,,,,,,,,,,,,
H02G,234,1.0,0.004273504273504274,0.0,0.005,,234,1.0,0,0,0,0,234,1.0,0,0,0,0,234,1.0,0,0,0,0,,,,,,,,,,,,,,,,,,,,,,,,,,,,,,,,,,,,,,,,,,,,,,,,,,,,,,,,,,,,,,,,,,,,,,,,,,,,,,,,,,,,,,,,,,,,,,,,,,,,,,,,,,,,,,,,,,,,,,,,,,,,,,,,,,,0.004273504273504274,,,,
H02J,261,1.0,0.0038314176245210726,0.01,0.005,,261,1.0,0,0,0,0,261,1.0,0,0,0,0,261,1.0,0,0,0,0,,,,,,,,,,,,,,,,,,,0.0038314176245210726,,,,,,,,,,,,,,,,,,,,,,,,,,,,,,,,,,,,,,,,,,,,,,,,,,,,,,,,,,,,,,,,,,,,,,,,,,,,,,,,,,,,,,,,,,,,,,,,,,,,,,,,,,,,,,,,,,,,
H02K,780,1.0,0.001282051282051282,0.0,0.0,0.0,780,1.0,0,0,0,0,780,1.0,0,0,0,0,780,1.0,0,0,0,0,,,,,,,,,,,,,,,,,,,,,,,,,,,,,,,,,,,,,,,,,,,,,,,,,,,,,,,,,,,,,,,,,,,,,,,,,,,,,,,,,,,,,,,,,,,,,,,,,,,,,,,,,,,,,,,,,,,,,,,,,,,,,,,,,,,,,,,
H02M,435,1.0,0.0022988505747126436,0.0,0.0,,435,1.0,0,0,0,0,435,1.0,0,0,0,0,435,1.0,0,0,0,0,,,,,,,,,,,,,,,,,,,,,,,,,,,,,,,,,,,,,,,,,,,,,,,,,,,,,,,,,,,,,,,,,,,,,,,,,,,,,,,,,,,,,,,,,,,,,,,,,,,,,,,,,,,,,,,,,,,,,,,,,,,,,,,,,,,,0.0022988505747126436,,,
H03B,177,1.0,0.005649717514124294,0.01,,,177,1.0,0,0,0,0,177,1.0,0,0,0,0,177,1.0,0,0,0,0,,,,,,,,,,,,,,,,,,,,,,,,,,,,,,,,,,,,,,,,,,,,,,,,,,,,,,,,,,,,,,,,,,,,,,,,,,,,,,,,,,,,,,,,,,,,,,,,,,,,,,,,,,,,,,,,,,,,,,,,,,,,,,,,,,,,,0.005649717514124294,,
H03D,113,1.0,0.008849557522123894,0.01,,,113,1.0,0,0,0,0,113,1.0,0,0,0,0,113,1.0,0,0,0,0,,,,,,,,,,,,,,,,,,,,,,,,,,,,0.008849557522123894,,,,,,,,,,,,,,,,,,,,,,,,,,,,,,,,,,,,,,,,,,,,,,,,,,,,,,,,,,,,,,,,,,,,,,,,,,,,,,,,,,,,,,,,,,,,,,,,,,,,,,,,,,,
H03F,388,1.0,0.002577319587628866,0.0,0.005,,388,1.0,0,0,0,0,388,1.0,0,0,0,0,388,1.0,0,0,0,0,,,,,,,,,,,,,,,,,,,,,,,,,,,,,,,,,,,,,,,,,,,,,,,,,,,,,,,,,,,,,,,,,,,,,,,,,,,,,,,,,,,,,,,,,,,,,,,,,,,,,,,,,,,,,,,,,,,,,,,,,,,,,,,,,,,,,,0.002577319587628866,
H05K,755,1.0,0.0013245033112582781,0.0,0.0,0.002,755,1.0,0,0,0,0,755,1.0,0,0,0,0,755,1.0,0,0,0,0,,,,,,,,,,,,,,,,,,,,,,,,,,,,,,,,,,,,,,,,,,,,,,,,,,,,,,,,,,,,,,,,,,,,,,,,,,,,,,,,,,,,,,,,,,,,,,,,,,,,,,,,,,,,,,,,,,,,,,,,,,,,,,,,,,,,,,,
H03H,155,0.0,0.0,0.0,0.0,0.0,155,0.0,0,0,0,0,155,0.0,0,0,0,0,155,0.0,0,0,0,0,,,,,,,,,,,,,,,,,,,,,,,,,,,,,,,,,,,,,,,,,,,,,,,,,,,,,,,,,,,,,,,,,,,,,,,,,,,,,,,,,,,,,,,,,,,,,,,,,,,,,,,,,,,,,,,,,,,,,,,,,,,,,,,,,,,,,,,
H03G,102,0.0,0.0,0.0,0.0,0.0,102,0.0,0,0,0,0,102,0.0,0,0,0,0,102,0.0,0,0,0,0,,,,,,,,,,,,,,,,,,,,,,,,,,,,,,,,,,,,,,,,,,,,,,,,,,,,,,,,,,,,,,,,,,,,,,,,,,,,,,,,,,,,,,,,,,,,,,,,,,,,,,,,,,,,,,,,,,,,,,,,,,,,,,,,,,,,,,,
H02P,415,0.0,0.0,0.0,0.0,0.0,415,0.0,0,0,0,0,415,0.0,0,0,0,0,415,0.0,0,0,0,0,,,,,,,,,,,,,,,,,,,,,,,,,,,,,,,,,,,,,,,,,,,,,,,,,,,,,,,,,,,,,,,,,,,,,,,,,,,,,,,,,,,,,,,,,,,,,,,,,,,,,,,,,,,,,,,,,,,,,,,,,,,,,,,,,,,,,,,
H02H,482,0.0,0.0,0.0,0.0,0.0,482,0.0,0,0,0,0,482,0.0,0,0,0,0,482,0.0,0,0,0,0,,,,,,,,,,,,,,,,,,,,,,,,,,,,,,,,,,,,,,,,,,,,,,,,,,,,,,,,,,,,,,,,,,,,,,,,,,,,,,,,,,,,,,,,,,,,,,,,,,,,,,,,,,,,,,,,,,,,,,,,,,,,,,,,,,,,,,,
H02B,129,0.0,0.0,0.0,0.0,0.0,129,0.0,0,0,0,0,129,0.0,0,0,0,0,129,0.0,0,0,0,0,,,,,,,,,,,,,,,,,,,,,,,,,,,,,,,,,,,,,,,,,,,,,,,,,,,,,,,,,,,,,,,,,,,,,,,,,,,,,,,,,,,,,,,,,,,,,,,,,,,,,,,,,,,,,,,,,,,,,,,,,,,,,,,,,,,,,,,
A23C,109,0.0,0.0,0.0,0.0,0.0,109,0.0,0,0,0,0,109,0.0,0,0,0,0,109,0.0,0,0,0,0,,,,,,,,,,,,,,,,,,,,,,,,,,,,,,,,,,,,,,,,,,,,,,,,,,,,,,,,,,,,,,,,,,,,,,,,,,,,,,,,,,,,,,,,,,,,,,,,,,,,,,,,,,,,,,,,,,,,,,,,,,,,,,,,,,,,,,,
A21D,105,0.0,0.0,0.0,0.0,0.0,105,0.0,0,0,0,0,105,0.0,0,0,0,0,105,0.0,0,0,0,0,,,,,,,,,,,,,,,,,,,,,,,,,,,,,,,,,,,,,,,,,,,,,,,,,,,,,,,,,,,,,,,,,,,,,,,,,,,,,,,,,,,,,,,,,,,,,,,,,,,,,,,,,,,,,,,,,,,,,,,,,,,,,,,,,,,,,,,
A21C,57,0.0,0.0,0.0,0.0,0.0,57,0.0,0,0,0,0,57,0.0,0,0,0,0,57,0.0,0,0,0,0,,,,,,,,,,,,,,,,,,,,,,,,,,,,,,,,,,,,,,,,,,,,,,,,,,,,,,,,,,,,,,,,,,,,,,,,,,,,,,,,,,,,,,,,,,,,,,,,,,,,,,,,,,,,,,,,,,,,,,,,,,,,,,,,,,,,,,,
A01G,291,0.0,0.0,0.0,0.0,0.0,291,0.0,0,0,0,0,291,0.0,0,0,0,0,291,0.0,0,0,0,0,,,,,,,,,,,,,,,,,,,,,,,,,,,,,,,,,,,,,,,,,,,,,,,,,,,,,,,,,,,,,,,,,,,,,,,,,,,,,,,,,,,,,,,,,,,,,,,,,,,,,,,,,,,,,,,,,,,,,,,,,,,,,,,,,,,,,,,
A01F,50,0.0,0.0,0.0,0.0,0.0,50,0.0,0,0,0,0,50,0.0,0,0,0,0,50,0.0,0,0,0,0,,,,,,,,,,,,,,,,,,,,,,,,,,,,,,,,,,,,,,,,,,,,,,,,,,,,,,,,,,,,,,,,,,,,,,,,,,,,,,,,,,,,,,,,,,,,,,,,,,,,,,,,,,,,,,,,,,,,,,,,,,,,,,,,,,,,,,,
A01D,399,0.0,0.0,0.0,0.0,0.0,399,0.0,0,0,0,0,399,0.0,0,0,0,0,399,0.0,0,0,0,0,,,,,,,,,,,,,,,,,,,,,,,,,,,,,,,,,,,,,,,,,,,,,,,,,,,,,,,,,,,,,,,,,,,,,,,,,,,,,,,,,,,,,,,,,,,,,,,,,,,,,,,,,,,,,,,,,,,,,,,,,,,,,,,,,,,,,,,
E01B,105,0.0,0.0,0.0,0.0,0.0,105,0.0,0,0,0,0,105,0.0,0,0,0,0,105,0.0,0,0,0,0,,,,,,,,,,,,,,,,,,,,,,,,,,,,,,,,,,,,,,,,,,,,,,,,,,,,,,,,,,,,,,,,,,,,,,,,,,,,,,,,,,,,,,,,,,,,,,,,,,,,,,,,,,,,,,,,,,,,,,,,,,,,,,,,,,,,,,,
D21C,113,0.0,0.0,0.0,0.0,0.0,113,0.0,0,0,0,0,113,0.0,0,0,0,0,113,0.0,0,0,0,0,,,,,,,,,,,,,,,,,,,,,,,,,,,,,,,,,,,,,,,,,,,,,,,,,,,,,,,,,,,,,,,,,,,,,,,,,,,,,,,,,,,,,,,,,,,,,,,,,,,,,,,,,,,,,,,,,,,,,,,,,,,,,,,,,,,,,,,
D06P,67,0.0,0.0,0.0,0.0,0.0,67,0.0,0,0,0,0,67,0.0,0,0,0,0,67,0.0,0,0,0,0,,,,,,,,,,,,,,,,,,,,,,,,,,,,,,,,,,,,,,,,,,,,,,,,,,,,,,,,,,,,,,,,,,,,,,,,,,,,,,,,,,,,,,,,,,,,,,,,,,,,,,,,,,,,,,,,,,,,,,,,,,,,,,,,,,,,,,,
D04H,78,0.0,0.0,0.0,0.0,0.0,78,0.0,0,0,0,0,78,0.0,0,0,0,0,78,0.0,0,0,0,0,,,,,,,,,,,,,,,,,,,,,,,,,,,,,,,,,,,,,,,,,,,,,,,,,,,,,,,,,,,,,,,,,,,,,,,,,,,,,,,,,,,,,,,,,,,,,,,,,,,,,,,,,,,,,,,,,,,,,,,,,,,,,,,,,,,,,,,
D04B,154,0.0,0.0,0.0,0.0,0.0,154,0.0,0,0,0,0,154,0.0,0,0,0,0,154,0.0,0,0,0,0,,,,,,,,,,,,,,,,,,,,,,,,,,,,,,,,,,,,,,,,,,,,,,,,,,,,,,,,,,,,,,,,,,,,,,,,,,,,,,,,,,,,,,,,,,,,,,,,,,,,,,,,,,,,,,,,,,,,,,,,,,,,,,,,,,,,,,,
D03D,218,0.0,0.0,0.0,0.0,0.0,218,0.0,0,0,0,0,218,0.0,0,0,0,0,218,0.0,0,0,0,0,,,,,,,,,,,,,,,,,,,,,,,,,,,,,,,,,,,,,,,,,,,,,,,,,,,,,,,,,,,,,,,,,,,,,,,,,,,,,,,,,,,,,,,,,,,,,,,,,,,,,,,,,,,,,,,,,,,,,,,,,,,,,,,,,,,,,,,
D01H,218,0.0,0.0,0.0,0.0,0.0,218,0.0,0,0,0,0,218,0.0,0,0,0,0,218,0.0,0,0,0,0,,,,,,,,,,,,,,,,,,,,,,,,,,,,,,,,,,,,,,,,,,,,,,,,,,,,,,,,,,,,,,,,,,,,,,,,,,,,,,,,,,,,,,,,,,,,,,,,,,,,,,,,,,,,,,,,,,,,,,,,,,,,,,,,,,,,,,,
E05F,180,0.0,0.0,0.0,0.0,0.0,180,0.0,0,0,0,0,180,0.0,0,0,0,0,180,0.0,0,0,0,0,,,,,,,,,,,,,,,,,,,,,,,,,,,,,,,,,,,,,,,,,,,,,,,,,,,,,,,,,,,,,,,,,,,,,,,,,,,,,,,,,,,,,,,,,,,,,,,,,,,,,,,,,,,,,,,,,,,,,,,,,,,,,,,,,,,,,,,
E05D,252,0.0,0.0,0.0,0.0,0.0,252,0.0,0,0,0,0,252,0.0,0,0,0,0,252,0.0,0,0,0,0,,,,,,,,,,,,,,,,,,,,,,,,,,,,,,,,,,,,,,,,,,,,,,,,,,,,,,,,,,,,,,,,,,,,,,,,,,,,,,,,,,,,,,,,,,,,,,,,,,,,,,,,,,,,,,,,,,,,,,,,,,,,,,,,,,,,,,,
E05C,290,0.0,0.0,0.0,0.0,0.0,290,0.0,0,0,0,0,290,0.0,0,0,0,0,290,0.0,0,0,0,0,,,,,,,,,,,,,,,,,,,,,,,,,,,,,,,,,,,,,,,,,,,,,,,,,,,,,,,,,,,,,,,,,,,,,,,,,,,,,,,,,,,,,,,,,,,,,,,,,,,,,,,,,,,,,,,,,,,,,,,,,,,,,,,,,,,,,,,
E04G,203,0.0,0.0,0.0,0.0,0.0,203,0.0,0,0,0,0,203,0.0,0,0,0,0,203,0.0,0,0,0,0,,,,,,,,,,,,,,,,,,,,,,,,,,,,,,,,,,,,,,,,,,,,,,,,,,,,,,,,,,,,,,,,,,,,,,,,,,,,,,,,,,,,,,,,,,,,,,,,,,,,,,,,,,,,,,,,,,,,,,,,,,,,,,,,,,,,,,,
E04F,106,0.0,0.0,0.0,0.0,0.0,106,0.0,0,0,0,0,106,0.0,0,0,0,0,106,0.0,0,0,0,0,,,,,,,,,,,,,,,,,,,,,,,,,,,,,,,,,,,,,,,,,,,,,,,,,,,,,,,,,,,,,,,,,,,,,,,,,,,,,,,,,,,,,,,,,,,,,,,,,,,,,,,,,,,,,,,,,,,,,,,,,,,,,,,,,,,,,,,
E04C,224,0.0,0.0,0.0,0.0,0.0,224,0.0,0,0,0,0,224,0.0,0,0,0,0,224,0.0,0,0,0,0,,,,,,,,,,,,,,,,,,,,,,,,,,,,,,,,,,,,,,,,,,,,,,,,,,,,,,,,,,,,,,,,,,,,,,,,,,,,,,,,,,,,,,,,,,,,,,,,,,,,,,,,,,,,,,,,,,,,,,,,,,,,,,,,,,,,,,,
E02F,184,0.0,0.0,0.0,0.0,0.0,184,0.0,0,0,0,0,184,0.0,0,0,0,0,184,0.0,0,0,0,0,,,,,,,,,,,,,,,,,,,,,,,,,,,,,,,,,,,,,,,,,,,,,,,,,,,,,,,,,,,,,,,,,,,,,,,,,,,,,,,,,,,,,,,,,,,,,,,,,,,,,,,,,,,,,,,,,,,,,,,,,,,,,,,,,,,,,,,
E02B,209,0.0,0.0,0.0,0.0,0.0,209,0.0,0,0,0,0,209,0.0,0,0,0,0,209,0.0,0,0,0,0,,,,,,,,,,,,,,,,,,,,,,,,,,,,,,,,,,,,,,,,,,,,,,,,,,,,,,,,,,,,,,,,,,,,,,,,,,,,,,,,,,,,,,,,,,,,,,,,,,,,,,,,,,,,,,,,,,,,,,,,,,,,,,,,,,,,,,,
E01H,76,0.0,0.0,0.0,0.0,0.0,76,0.0,0,0,0,0,76,0.0,0,0,0,0,76,0.0,0,0,0,0,,,,,,,,,,,,,,,,,,,,,,,,,,,,,,,,,,,,,,,,,,,,,,,,,,,,,,,,,,,,,,,,,,,,,,,,,,,,,,,,,,,,,,,,,,,,,,,,,,,,,,,,,,,,,,,,,,,,,,,,,,,,,,,,,,,,,,,
E01F,74,0.0,0.0,0.0,0.0,0.0,74,0.0,0,0,0,0,74,0.0,0,0,0,0,74,0.0,0,0,0,0,,,,,,,,,,,,,,,,,,,,,,,,,,,,,,,,,,,,,,,,,,,,,,,,,,,,,,,,,,,,,,,,,,,,,,,,,,,,,,,,,,,,,,,,,,,,,,,,,,,,,,,,,,,,,,,,,,,,,,,,,,,,,,,,,,,,,,,
F02C,246,0.0,0.0,0.0,0.0,0.0,246,0.0,0,0,0,0,246,0.0,0,0,0,0,246,0.0,0,0,0,0,,,,,,,,,,,,,,,,,,,,,,,,,,,,,,,,,,,,,,,,,,,,,,,,,,,,,,,,,,,,,,,,,,,,,,,,,,,,,,,,,,,,,,,,,,,,,,,,,,,,,,,,,,,,,,,,,,,,,,,,,,,,,,,,,,,,,,,
F02B,559,0.0,0.0,0.0,0.0,0.0,559,0.0,0,0,0,0,559,0.0,0,0,0,0,559,0.0,0,0,0,0,,,,,,,,,,,,,,,,,,,,,,,,,,,,,,,,,,,,,,,,,,,,,,,,,,,,,,,,,,,,,,,,,,,,,,,,,,,,,,,,,,,,,,,,,,,,,,,,,,,,,,,,,,,,,,,,,,,,,,,,,,,,,,,,,,,,,,,
F01N,158,0.0,0.0,0.0,0.0,0.0,158,0.0,0,0,0,0,158,0.0,0,0,0,0,158,0.0,0,0,0,0,,,,,,,,,,,,,,,,,,,,,,,,,,,,,,,,,,,,,,,,,,,,,,,,,,,,,,,,,,,,,,,,,,,,,,,,,,,,,,,,,,,,,,,,,,,,,,,,,,,,,,,,,,,,,,,,,,,,,,,,,,,,,,,,,,,,,,,
F01L,306,0.0,0.0,0.0,0.0,0.0,306,0.0,0,0,0,0,306,0.0,0,0,0,0,306,0.0,0,0,0,0,,,,,,,,,,,,,,,,,,,,,,,,,,,,,,,,,,,,,,,,,,,,,,,,,,,,,,,,,,,,,,,,,,,,,,,,,,,,,,,,,,,,,,,,,,,,,,,,,,,,,,,,,,,,,,,,,,,,,,,,,,,,,,,,,,,,,,,
F01K,73,0.0,0.0,0.0,0.0,0.0,73,0.0,0,0,0,0,73,0.0,0,0,0,0,73,0.0,0,0,0,0,,,,,,,,,,,,,,,,,,,,,,,,,,,,,,,,,,,,,,,,,,,,,,,,,,,,,,,,,,,,,,,,,,,,,,,,,,,,,,,,,,,,,,,,,,,,,,,,,,,,,,,,,,,,,,,,,,,,,,,,,,,,,,,,,,,,,,,
F01C,83,0.0,0.0,0.0,0.0,0.0,83,0.0,0,0,0,0,83,0.0,0,0,0,0,83,0.0,0,0,0,0,,,,,,,,,,,,,,,,,,,,,,,,,,,,,,,,,,,,,,,,,,,,,,,,,,,,,,,,,,,,,,,,,,,,,,,,,,,,,,,,,,,,,,,,,,,,,,,,,,,,,,,,,,,,,,,,,,,,,,,,,,,,,,,,,,,,,,,
E21D,76,0.0,0.0,0.0,0.0,0.0,76,0.0,0,0,0,0,76,0.0,0,0,0,0,76,0.0,0,0,0,0,,,,,,,,,,,,,,,,,,,,,,,,,,,,,,,,,,,,,,,,,,,,,,,,,,,,,,,,,,,,,,,,,,,,,,,,,,,,,,,,,,,,,,,,,,,,,,,,,,,,,,,,,,,,,,,,,,,,,,,,,,,,,,,,,,,,,,,
E21B,1380,0.0,0.0,0.0,0.0,0.0,1380,0.0,0,0,0,0,1380,0.0,0,0,0,0,1380,0.0,0,0,0,0,,,,,,,,,,,,,,,,,,,,,,,,,,,,,,,,,,,,,,,,,,,,,,,,,,,,,,,,,,,,,,,,,,,,,,,,,,,,,,,,,,,,,,,,,,,,,,,,,,,,,,,,,,,,,,,,,,,,,,,,,,,,,,,,,,,,,,,
D01G,72,0.0,0.0,0.0,0.0,0.0,72,0.0,0,0,0,0,72,0.0,0,0,0,0,72,0.0,0,0,0,0,,,,,,,,,,,,,,,,,,,,,,,,,,,,,,,,,,,,,,,,,,,,,,,,,,,,,,,,,,,,,,,,,,,,,,,,,,,,,,,,,,,,,,,,,,,,,,,,,,,,,,,,,,,,,,,,,,,,,,,,,,,,,,,,,,,,,,,
D01F,67,0.0,0.0,0.0,0.0,0.0,67,0.0,0,0,0,0,67,0.0,0,0,0,0,67,0.0,0,0,0,0,,,,,,,,,,,,,,,,,,,,,,,,,,,,,,,,,,,,,,,,,,,,,,,,,,,,,,,,,,,,,,,,,,,,,,,,,,,,,,,,,,,,,,,,,,,,,,,,,,,,,,,,,,,,,,,,,,,,,,,,,,,,,,,,,,,,,,,
D01D,56,0.0,0.0,0.0,0.0,0.0,56,0.0,0,0,0,0,56,0.0,0,0,0,0,56,0.0,0,0,0,0,,,,,,,,,,,,,,,,,,,,,,,,,,,,,,,,,,,,,,,,,,,,,,,,,,,,,,,,,,,,,,,,,,,,,,,,,,,,,,,,,,,,,,,,,,,,,,,,,,,,,,,,,,,,,,,,,,,,,,,,,,,,,,,,,,,,,,,
C25F,56,0.0,0.0,0.0,0.0,0.0,56,0.0,0,0,0,0,56,0.0,0,0,0,0,56,0.0,0,0,0,0,,,,,,,,,,,,,,,,,,,,,,,,,,,,,,,,,,,,,,,,,,,,,,,,,,,,,,,,,,,,,,,,,,,,,,,,,,,,,,,,,,,,,,,,,,,,,,,,,,,,,,,,,,,,,,,,,,,,,,,,,,,,,,,,,,,,,,,
C25D,330,0.0,0.0,0.0,0.0,0.0,330,0.0,0,0,0,0,330,0.0,0,0,0,0,330,0.0,0,0,0,0,,,,,,,,,,,,,,,,,,,,,,,,,,,,,,,,,,,,,,,,,,,,,,,,,,,,,,,,,,,,,,,,,,,,,,,,,,,,,,,,,,,,,,,,,,,,,,,,,,,,,,,,,,,,,,,,,,,,,,,,,,,,,,,,,,,,,,,
C25C,94,0.0,0.0,0.0,0.0,0.0,94,0.0,0,0,0,0,94,0.0,0,0,0,0,94,0.0,0,0,0,0,,,,,,,,,,,,,,,,,,,,,,,,,,,,,,,,,,,,,,,,,,,,,,,,,,,,,,,,,,,,,,,,,,,,,,,,,,,,,,,,,,,,,,,,,,,,,,,,,,,,,,,,,,,,,,,,,,,,,,,,,,,,,,,,,,,,,,,
C23F,145,0.0,0.0,0.0,0.0,0.0,145,0.0,0,0,0,0,145,0.0,0,0,0,0,145,0.0,0,0,0,0,,,,,,,,,,,,,,,,,,,,,,,,,,,,,,,,,,,,,,,,,,,,,,,,,,,,,,,,,,,,,,,,,,,,,,,,,,,,,,,,,,,,,,,,,,,,,,,,,,,,,,,,,,,,,,,,,,,,,,,,,,,,,,,,,,,,,,,
C22F,110,0.0,0.0,0.0,0.0,0.0,110,0.0,0,0,0,0,110,0.0,0,0,0,0,110,0.0,0,0,0,0,,,,,,,,,,,,,,,,,,,,,,,,,,,,,,,,,,,,,,,,,,,,,,,,,,,,,,,,,,,,,,,,,,,,,,,,,,,,,,,,,,,,,,,,,,,,,,,,,,,,,,,,,,,,,,,,,,,,,,,,,,,,,,,,,,,,,,,
C22C,489,0.0,0.0,0.0,0.0,0.0,489,0.0,0,0,0,0,489,0.0,0,0,0,0,489,0.0,0,0,0,0,,,,,,,,,,,,,,,,,,,,,,,,,,,,,,,,,,,,,,,,,,,,,,,,,,,,,,,,,,,,,,,,,,,,,,,,,,,,,,,,,,,,,,,,,,,,,,,,,,,,,,,,,,,,,,,,,,,,,,,,,,,,,,,,,,,,,,,
C22B,192,0.0,0.0,0.0,0.0,0.0,192,0.0,0,0,0,0,192,0.0,0,0,0,0,192,0.0,0,0,0,0,,,,,,,,,,,,,,,,,,,,,,,,,,,,,,,,,,,,,,,,,,,,,,,,,,,,,,,,,,,,,,,,,,,,,,,,,,,,,,,,,,,,,,,,,,,,,,,,,,,,,,,,,,,,,,,,,,,,,,,,,,,,,,,,,,,,,,,
C21D,195,0.0,0.0,0.0,0.0,0.0,195,0.0,0,0,0,0,195,0.0,0,0,0,0,195,0.0,0,0,0,0,,,,,,,,,,,,,,,,,,,,,,,,,,,,,,,,,,,,,,,,,,,,,,,,,,,,,,,,,,,,,,,,,,,,,,,,,,,,,,,,,,,,,,,,,,,,,,,,,,,,,,,,,,,,,,,,,,,,,,,,,,,,,,,,,,,,,,,
C10G,487,0.0,0.0,0.0,0.0,0.0,487,0.0,0,0,0,0,487,0.0,0,0,0,0,487,0.0,0,0,0,0,,,,,,,,,,,,,,,,,,,,,,,,,,,,,,,,,,,,,,,,,,,,,,,,,,,,,,,,,,,,,,,,,,,,,,,,,,,,,,,,,,,,,,,,,,,,,,,,,,,,,,,,,,,,,,,,,,,,,,,,,,,,,,,,,,,,,,,
C10B,52,0.0,0.0,0.0,0.0,0.0,52,0.0,0,0,0,0,52,0.0,0,0,0,0,52,0.0,0,0,0,0,,,,,,,,,,,,,,,,,,,,,,,,,,,,,,,,,,,,,,,,,,,,,,,,,,,,,,,,,,,,,,,,,,,,,,,,,,,,,,,,,,,,,,,,,,,,,,,,,,,,,,,,,,,,,,,,,,,,,,,,,,,,,,,,,,,,,,,
C09K,439,0.0,0.0,0.0,0.0,0.0,439,0.0,0,0,0,0,439,0.0,0,0,0,0,439,0.0,0,0,0,0,,,,,,,,,,,,,,,,,,,,,,,,,,,,,,,,,,,,,,,,,,,,,,,,,,,,,,,,,,,,,,,,,,,,,,,,,,,,,,,,,,,,,,,,,,,,,,,,,,,,,,,,,,,,,,,,,,,,,,,,,,,,,,,,,,,,,,,
C09D,175,0.0,0.0,0.0,0.0,0.0,175,0.0,0,0,0,0,175,0.0,0,0,0,0,175,0.0,0,0,0,0,,,,,,,,,,,,,,,,,,,,,,,,,,,,,,,,,,,,,,,,,,,,,,,,,,,,,,,,,,,,,,,,,,,,,,,,,,,,,,,,,,,,,,,,,,,,,,,,,,,,,,,,,,,,,,,,,,,,,,,,,,,,,,,,,,,,,,,
E06B,377,0.0,0.0,0.0,0.0,0.0,377,0.0,0,0,0,0,377,0.0,0,0,0,0,377,0.0,0,0,0,0,,,,,,,,,,,,,,,,,,,,,,,,,,,,,,,,,,,,,,,,,,,,,,,,,,,,,,,,,,,,,,,,,,,,,,,,,,,,,,,,,,,,,,,,,,,,,,,,,,,,,,,,,,,,,,,,,,,,,,,,,,,,,,,,,,,,,,,
F16D,984,0.0,0.0,0.0,0.0,0.0,984,0.0,0,0,0,0,984,0.0,0,0,0,0,984,0.0,0,0,0,0,,,,,,,,,,,,,,,,,,,,,,,,,,,,,,,,,,,,,,,,,,,,,,,,,,,,,,,,,,,,,,,,,,,,,,,,,,,,,,,,,,,,,,,,,,,,,,,,,,,,,,,,,,,,,,,,,,,,,,,,,,,,,,,,,,,,,,,
F16C,576,0.0,0.0,0.0,0.0,0.0,576,0.0,0,0,0,0,576,0.0,0,0,0,0,576,0.0,0,0,0,0,,,,,,,,,,,,,,,,,,,,,,,,,,,,,,,,,,,,,,,,,,,,,,,,,,,,,,,,,,,,,,,,,,,,,,,,,,,,,,,,,,,,,,,,,,,,,,,,,,,,,,,,,,,,,,,,,,,,,,,,,,,,,,,,,,,,,,,
F03G,50,0.0,0.0,0.0,0.0,0.0,50,0.0,0,0,0,0,50,0.0,0,0,0,0,50,0.0,0,0,0,0,,,,,,,,,,,,,,,,,,,,,,,,,,,,,,,,,,,,,,,,,,,,,,,,,,,,,,,,,,,,,,,,,,,,,,,,,,,,,,,,,,,,,,,,,,,,,,,,,,,,,,,,,,,,,,,,,,,,,,,,,,,,,,,,,,,,,,,
F03B,50,0.0,0.0,0.0,0.0,0.0,50,0.0,0,0,0,0,50,0.0,0,0,0,0,50,0.0,0,0,0,0,,,,,,,,,,,,,,,,,,,,,,,,,,,,,,,,,,,,,,,,,,,,,,,,,,,,,,,,,,,,,,,,,,,,,,,,,,,,,,,,,,,,,,,,,,,,,,,,,,,,,,,,,,,,,,,,,,,,,,,,,,,,,,,,,,,,,,,
F02P,198,0.0,0.0,0.0,0.0,0.0,198,0.0,0,0,0,0,198,0.0,0,0,0,0,198,0.0,0,0,0,0,,,,,,,,,,,,,,,,,,,,,,,,,,,,,,,,,,,,,,,,,,,,,,,,,,,,,,,,,,,,,,,,,,,,,,,,,,,,,,,,,,,,,,,,,,,,,,,,,,,,,,,,,,,,,,,,,,,,,,,,,,,,,,,,,,,,,,,
F02N,78,0.0,0.0,0.0,0.0,0.0,78,0.0,0,0,0,0,78,0.0,0,0,0,0,78,0.0,0,0,0,0,,,,,,,,,,,,,,,,,,,,,,,,,,,,,,,,,,,,,,,,,,,,,,,,,,,,,,,,,,,,,,,,,,,,,,,,,,,,,,,,,,,,,,,,,,,,,,,,,,,,,,,,,,,,,,,,,,,,,,,,,,,,,,,,,,,,,,,
F02G,57,0.0,0.0,0.0,0.0,0.0,57,0.0,0,0,0,0,57,0.0,0,0,0,0,57,0.0,0,0,0,0,,,,,,,,,,,,,,,,,,,,,,,,,,,,,,,,,,,,,,,,,,,,,,,,,,,,,,,,,,,,,,,,,,,,,,,,,,,,,,,,,,,,,,,,,,,,,,,,,,,,,,,,,,,,,,,,,,,,,,,,,,,,,,,,,,,,,,,
C04B,705,0.0,0.0,0.0,0.0,0.0,705,0.0,0,0,0,0,705,0.0,0,0,0,0,705,0.0,0,0,0,0,,,,,,,,,,,,,,,,,,,,,,,,,,,,,,,,,,,,,,,,,,,,,,,,,,,,,,,,,,,,,,,,,,,,,,,,,,,,,,,,,,,,,,,,,,,,,,,,,,,,,,,,,,,,,,,,,,,,,,,,,,,,,,,,,,,,,,,
C03C,233,0.0,0.0,0.0,0.0,0.0,233,0.0,0,0,0,0,233,0.0,0,0,0,0,233,0.0,0,0,0,0,,,,,,,,,,,,,,,,,,,,,,,,,,,,,,,,,,,,,,,,,,,,,,,,,,,,,,,,,,,,,,,,,,,,,,,,,,,,,,,,,,,,,,,,,,,,,,,,,,,,,,,,,,,,,,,,,,,,,,,,,,,,,,,,,,,,,,,
C03B,439,0.0,0.0,0.0,0.0,0.0,439,0.0,0,0,0,0,439,0.0,0,0,0,0,439,0.0,0,0,0,0,,,,,,,,,,,,,,,,,,,,,,,,,,,,,,,,,,,,,,,,,,,,,,,,,,,,,,,,,,,,,,,,,,,,,,,,,,,,,,,,,,,,,,,,,,,,,,,,,,,,,,,,,,,,,,,,,,,,,,,,,,,,,,,,,,,,,,,
C01G,157,0.0,0.0,0.0,0.0,0.0,157,0.0,0,0,0,0,157,0.0,0,0,0,0,157,0.0,0,0,0,0,,,,,,,,,,,,,,,,,,,,,,,,,,,,,,,,,,,,,,,,,,,,,,,,,,,,,,,,,,,,,,,,,,,,,,,,,,,,,,,,,,,,,,,,,,,,,,,,,,,,,,,,,,,,,,,,,,,,,,,,,,,,,,,,,,,,,,,
B60K,744,0.0,0.0,0.0,0.0,0.0,744,0.0,0,0,0,0,744,0.0,0,0,0,0,744,0.0,0,0,0,0,,,,,,,,,,,,,,,,,,,,,,,,,,,,,,,,,,,,,,,,,,,,,,,,,,,,,,,,,,,,,,,,,,,,,,,,,,,,,,,,,,,,,,,,,,,,,,,,,,,,,,,,,,,,,,,,,,,,,,,,,,,,,,,,,,,,,,,
B67D,338,0.0,0.0,0.0,0.0,0.0,338,0.0,0,0,0,0,338,0.0,0,0,0,0,338,0.0,0,0,0,0,,,,,,,,,,,,,,,,,,,,,,,,,,,,,,,,,,,,,,,,,,,,,,,,,,,,,,,,,,,,,,,,,,,,,,,,,,,,,,,,,,,,,,,,,,,,,,,,,,,,,,,,,,,,,,,,,,,,,,,,,,,,,,,,,,,,,,,
B66F,146,0.0,0.0,0.0,0.0,0.0,146,0.0,0,0,0,0,146,0.0,0,0,0,0,146,0.0,0,0,0,0,,,,,,,,,,,,,,,,,,,,,,,,,,,,,,,,,,,,,,,,,,,,,,,,,,,,,,,,,,,,,,,,,,,,,,,,,,,,,,,,,,,,,,,,,,,,,,,,,,,,,,,,,,,,,,,,,,,,,,,,,,,,,,,,,,,,,,,
B66B,166,0.0,0.0,0.0,0.0,0.0,166,0.0,0,0,0,0,166,0.0,0,0,0,0,166,0.0,0,0,0,0,,,,,,,,,,,,,,,,,,,,,,,,,,,,,,,,,,,,,,,,,,,,,,,,,,,,,,,,,,,,,,,,,,,,,,,,,,,,,,,,,,,,,,,,,,,,,,,,,,,,,,,,,,,,,,,,,,,,,,,,,,,,,,,,,,,,,,,
B64C,315,0.0,0.0,0.0,0.0,0.0,315,0.0,0,0,0,0,315,0.0,0,0,0,0,315,0.0,0,0,0,0,,,,,,,,,,,,,,,,,,,,,,,,,,,,,,,,,,,,,,,,,,,,,,,,,,,,,,,,,,,,,,,,,,,,,,,,,,,,,,,,,,,,,,,,,,,,,,,,,,,,,,,,,,,,,,,,,,,,,,,,,,,,,,,,,,,,,,,
F02F,88,0.0,0.0,0.0,0.0,0.0,88,0.0,0,0,0,0,88,0.0,0,0,0,0,88,0.0,0,0,0,0,,,,,,,,,,,,,,,,,,,,,,,,,,,,,,,,,,,,,,,,,,,,,,,,,,,,,,,,,,,,,,,,,,,,,,,,,,,,,,,,,,,,,,,,,,,,,,,,,,,,,,,,,,,,,,,,,,,,,,,,,,,,,,,,,,,,,,,
F23N,94,0.0,0.0,0.0,0.0,0.0,94,0.0,0,0,0,0,94,0.0,0,0,0,0,94,0.0,0,0,0,0,,,,,,,,,,,,,,,,,,,,,,,,,,,,,,,,,,,,,,,,,,,,,,,,,,,,,,,,,,,,,,,,,,,,,,,,,,,,,,,,,,,,,,,,,,,,,,,,,,,,,,,,,,,,,,,,,,,,,,,,,,,,,,,,,,,,,,,
F23J,75,0.0,0.0,0.0,0.0,0.0,75,0.0,0,0,0,0,75,0.0,0,0,0,0,75,0.0,0,0,0,0,,,,,,,,,,,,,,,,,,,,,,,,,,,,,,,,,,,,,,,,,,,,,,,,,,,,,,,,,,,,,,,,,,,,,,,,,,,,,,,,,,,,,,,,,,,,,,,,,,,,,,,,,,,,,,,,,,,,,,,,,,,,,,,,,,,,,,,
F23D,167,0.0,0.0,0.0,0.0,0.0,167,0.0,0,0,0,0,167,0.0,0,0,0,0,167,0.0,0,0,0,0,,,,,,,,,,,,,,,,,,,,,,,,,,,,,,,,,,,,,,,,,,,,,,,,,,,,,,,,,,,,,,,,,,,,,,,,,,,,,,,,,,,,,,,,,,,,,,,,,,,,,,,,,,,,,,,,,,,,,,,,,,,,,,,,,,,,,,,
F22B,149,0.0,0.0,0.0,0.0,0.0,149,0.0,0,0,0,0,149,0.0,0,0,0,0,149,0.0,0,0,0,0,,,,,,,,,,,,,,,,,,,,,,,,,,,,,,,,,,,,,,,,,,,,,,,,,,,,,,,,,,,,,,,,,,,,,,,,,,,,,,,,,,,,,,,,,,,,,,,,,,,,,,,,,,,,,,,,,,,,,,,,,,,,,,,,,,,,,,,
F21S,91,0.0,0.0,0.0,0.0,0.0,91,0.0,0,0,0,0,91,0.0,0,0,0,0,91,0.0,0,0,0,0,,,,,,,,,,,,,,,,,,,,,,,,,,,,,,,,,,,,,,,,,,,,,,,,,,,,,,,,,,,,,,,,,,,,,,,,,,,,,,,,,,,,,,,,,,,,,,,,,,,,,,,,,,,,,,,,,,,,,,,,,,,,,,,,,,,,,,,
F21L,90,0.0,0.0,0.0,0.0,0.0,90,0.0,0,0,0,0,90,0.0,0,0,0,0,90,0.0,0,0,0,0,,,,,,,,,,,,,,,,,,,,,,,,,,,,,,,,,,,,,,,,,,,,,,,,,,,,,,,,,,,,,,,,,,,,,,,,,,,,,,,,,,,,,,,,,,,,,,,,,,,,,,,,,,,,,,,,,,,,,,,,,,,,,,,,,,,,,,,
F16H,1040,0.0,0.0,0.0,0.0,0.0,1040,0.0,0,0,0,0,1040,0.0,0,0,0,0,1040,0.0,0,0,0,0,,,,,,,,,,,,,,,,,,,,,,,,,,,,,,,,,,,,,,,,,,,,,,,,,,,,,,,,,,,,,,,,,,,,,,,,,,,,,,,,,,,,,,,,,,,,,,,,,,,,,,,,,,,,,,,,,,,,,,,,,,,,,,,,,,,,,,,
B63C,98,0.0,0.0,0.0,0.0,0.0,98,0.0,0,0,0,0,98,0.0,0,0,0,0,98,0.0,0,0,0,0,,,,,,,,,,,,,,,,,,,,,,,,,,,,,,,,,,,,,,,,,,,,,,,,,,,,,,,,,,,,,,,,,,,,,,,,,,,,,,,,,,,,,,,,,,,,,,,,,,,,,,,,,,,,,,,,,,,,,,,,,,,,,,,,,,,,,,,
B62M,66,0.0,0.0,0.0,0.0,0.0,66,0.0,0,0,0,0,66,0.0,0,0,0,0,66,0.0,0,0,0,0,,,,,,,,,,,,,,,,,,,,,,,,,,,,,,,,,,,,,,,,,,,,,,,,,,,,,,,,,,,,,,,,,,,,,,,,,,,,,,,,,,,,,,,,,,,,,,,,,,,,,,,,,,,,,,,,,,,,,,,,,,,,,,,,,,,,,,,
B62J,73,0.0,0.0,0.0,0.0,0.0,73,0.0,0,0,0,0,73,0.0,0,0,0,0,73,0.0,0,0,0,0,,,,,,,,,,,,,,,,,,,,,,,,,,,,,,,,,,,,,,,,,,,,,,,,,,,,,,,,,,,,,,,,,,,,,,,,,,,,,,,,,,,,,,,,,,,,,,,,,,,,,,,,,,,,,,,,,,,,,,,,,,,,,,,,,,,,,,,
B62D,837,0.0,0.0,0.0,0.0,0.0,837,0.0,0,0,0,0,837,0.0,0,0,0,0,837,0.0,0,0,0,0,,,,,,,,,,,,,,,,,,,,,,,,,,,,,,,,,,,,,,,,,,,,,,,,,,,,,,,,,,,,,,,,,,,,,,,,,,,,,,,,,,,,,,,,,,,,,,,,,,,,,,,,,,,,,,,,,,,,,,,,,,,,,,,,,,,,,,,
B61D,87,0.0,0.0,0.0,0.0,0.0,87,0.0,0,0,0,0,87,0.0,0,0,0,0,87,0.0,0,0,0,0,,,,,,,,,,,,,,,,,,,,,,,,,,,,,,,,,,,,,,,,,,,,,,,,,,,,,,,,,,,,,,,,,,,,,,,,,,,,,,,,,,,,,,,,,,,,,,,,,,,,,,,,,,,,,,,,,,,,,,,,,,,,,,,,,,,,,,,
B60S,160,0.0,0.0,0.0,0.0,0.0,160,0.0,0,0,0,0,160,0.0,0,0,0,0,160,0.0,0,0,0,0,,,,,,,,,,,,,,,,,,,,,,,,,,,,,,,,,,,,,,,,,,,,,,,,,,,,,,,,,,,,,,,,,,,,,,,,,,,,,,,,,,,,,,,,,,,,,,,,,,,,,,,,,,,,,,,,,,,,,,,,,,,,,,,,,,,,,,,
B60Q,299,0.0,0.0,0.0,0.0,0.0,299,0.0,0,0,0,0,299,0.0,0,0,0,0,299,0.0,0,0,0,0,,,,,,,,,,,,,,,,,,,,,,,,,,,,,,,,,,,,,,,,,,,,,,,,,,,,,,,,,,,,,,,,,,,,,,,,,,,,,,,,,,,,,,,,,,,,,,,,,,,,,,,,,,,,,,,,,,,,,,,,,,,,,,,,,,,,,,,
B60P,318,0.0,0.0,0.0,0.0,0.0,318,0.0,0,0,0,0,318,0.0,0,0,0,0,318,0.0,0,0,0,0,,,,,,,,,,,,,,,,,,,,,,,,,,,,,,,,,,,,,,,,,,,,,,,,,,,,,,,,,,,,,,,,,,,,,,,,,,,,,,,,,,,,,,,,,,,,,,,,,,,,,,,,,,,,,,,,,,,,,,,,,,,,,,,,,,,,,,,
B60N,133,0.0,0.0,0.0,0.0,0.0,133,0.0,0,0,0,0,133,0.0,0,0,0,0,133,0.0,0,0,0,0,,,,,,,,,,,,,,,,,,,,,,,,,,,,,,,,,,,,,,,,,,,,,,,,,,,,,,,,,,,,,,,,,,,,,,,,,,,,,,,,,,,,,,,,,,,,,,,,,,,,,,,,,,,,,,,,,,,,,,,,,,,,,,,,,,,,,,,
F41C,202,0.0,0.0,0.0,0.0,0.0,202,0.0,0,0,0,0,202,0.0,0,0,0,0,202,0.0,0,0,0,0,,,,,,,,,,,,,,,,,,,,,,,,,,,,,,,,,,,,,,,,,,,,,,,,,,,,,,,,,,,,,,,,,,,,,,,,,,,,,,,,,,,,,,,,,,,,,,,,,,,,,,,,,,,,,,,,,,,,,,,,,,,,,,,,,,,,,,,
F28F,196,0.0,0.0,0.0,0.0,0.0,196,0.0,0,0,0,0,196,0.0,0,0,0,0,196,0.0,0,0,0,0,,,,,,,,,,,,,,,,,,,,,,,,,,,,,,,,,,,,,,,,,,,,,,,,,,,,,,,,,,,,,,,,,,,,,,,,,,,,,,,,,,,,,,,,,,,,,,,,,,,,,,,,,,,,,,,,,,,,,,,,,,,,,,,,,,,,,,,
F28D,202,0.0,0.0,0.0,0.0,0.0,202,0.0,0,0,0,0,202,0.0,0,0,0,0,202,0.0,0,0,0,0,,,,,,,,,,,,,,,,,,,,,,,,,,,,,,,,,,,,,,,,,,,,,,,,,,,,,,,,,,,,,,,,,,,,,,,,,,,,,,,,,,,,,,,,,,,,,,,,,,,,,,,,,,,,,,,,,,,,,,,,,,,,,,,,,,,,,,,
F27D,109,0.0,0.0,0.0,0.0,0.0,109,0.0,0,0,0,0,109,0.0,0,0,0,0,109,0.0,0,0,0,0,,,,,,,,,,,,,,,,,,,,,,,,,,,,,,,,,,,,,,,,,,,,,,,,,,,,,,,,,,,,,,,,,,,,,,,,,,,,,,,,,,,,,,,,,,,,,,,,,,,,,,,,,,,,,,,,,,,,,,,,,,,,,,,,,,,,,,,
F26B,284,0.0,0.0,0.0,0.0,0.0,284,0.0,0,0,0,0,284,0.0,0,0,0,0,284,0.0,0,0,0,0,,,,,,,,,,,,,,,,,,,,,,,,,,,,,,,,,,,,,,,,,,,,,,,,,,,,,,,,,,,,,,,,,,,,,,,,,,,,,,,,,,,,,,,,,,,,,,,,,,,,,,,,,,,,,,,,,,,,,,,,,,,,,,,,,,,,,,,
F25C,75,0.0,0.0,0.0,0.0,0.0,75,0.0,0,0,0,0,75,0.0,0,0,0,0,75,0.0,0,0,0,0,,,,,,,,,,,,,,,,,,,,,,,,,,,,,,,,,,,,,,,,,,,,,,,,,,,,,,,,,,,,,,,,,,,,,,,,,,,,,,,,,,,,,,,,,,,,,,,,,,,,,,,,,,,,,,,,,,,,,,,,,,,,,,,,,,,,,,,
F24J,94,0.0,0.0,0.0,0.0,0.0,94,0.0,0,0,0,0,94,0.0,0,0,0,0,94,0.0,0,0,0,0,,,,,,,,,,,,,,,,,,,,,,,,,,,,,,,,,,,,,,,,,,,,,,,,,,,,,,,,,,,,,,,,,,,,,,,,,,,,,,,,,,,,,,,,,,,,,,,,,,,,,,,,,,,,,,,,,,,,,,,,,,,,,,,,,,,,,,,
F24F,181,0.0,0.0,0.0,0.0,0.0,181,0.0,0,0,0,0,181,0.0,0,0,0,0,181,0.0,0,0,0,0,,,,,,,,,,,,,,,,,,,,,,,,,,,,,,,,,,,,,,,,,,,,,,,,,,,,,,,,,,,,,,,,,,,,,,,,,,,,,,,,,,,,,,,,,,,,,,,,,,,,,,,,,,,,,,,,,,,,,,,,,,,,,,,,,,,,,,,
B60J,324,0.0,0.0,0.0,0.0,0.0,324,0.0,0,0,0,0,324,0.0,0,0,0,0,324,0.0,0,0,0,0,,,,,,,,,,,,,,,,,,,,,,,,,,,,,,,,,,,,,,,,,,,,,,,,,,,,,,,,,,,,,,,,,,,,,,,,,,,,,,,,,,,,,,,,,,,,,,,,,,,,,,,,,,,,,,,,,,,,,,,,,,,,,,,,,,,,,,,
B60D,95,0.0,0.0,0.0,0.0,0.0,95,0.0,0,0,0,0,95,0.0,0,0,0,0,95,0.0,0,0,0,0,,,,,,,,,,,,,,,,,,,,,,,,,,,,,,,,,,,,,,,,,,,,,,,,,,,,,,,,,,,,,,,,,,,,,,,,,,,,,,,,,,,,,,,,,,,,,,,,,,,,,,,,,,,,,,,,,,,,,,,,,,,,,,,,,,,,,,,
B60B,159,0.0,0.0,0.0,0.0,0.0,159,0.0,0,0,0,0,159,0.0,0,0,0,0,159,0.0,0,0,0,0,,,,,,,,,,,,,,,,,,,,,,,,,,,,,,,,,,,,,,,,,,,,,,,,,,,,,,,,,,,,,,,,,,,,,,,,,,,,,,,,,,,,,,,,,,,,,,,,,,,,,,,,,,,,,,,,,,,,,,,,,,,,,,,,,,,,,,,
B44C,251,0.0,0.0,0.0,0.0,0.0,251,0.0,0,0,0,0,251,0.0,0,0,0,0,251,0.0,0,0,0,0,,,,,,,,,,,,,,,,,,,,,,,,,,,,,,,,,,,,,,,,,,,,,,,,,,,,,,,,,,,,,,,,,,,,,,,,,,,,,,,,,,,,,,,,,,,,,,,,,,,,,,,,,,,,,,,,,,,,,,,,,,,,,,,,,,,,,,,
B42F,76,0.0,0.0,0.0,0.0,0.0,76,0.0,0,0,0,0,76,0.0,0,0,0,0,76,0.0,0,0,0,0,,,,,,,,,,,,,,,,,,,,,,,,,,,,,,,,,,,,,,,,,,,,,,,,,,,,,,,,,,,,,,,,,,,,,,,,,,,,,,,,,,,,,,,,,,,,,,,,,,,,,,,,,,,,,,,,,,,,,,,,,,,,,,,,,,,,,,,
B42D,183,0.0,0.0,0.0,0.0,0.0,183,0.0,0,0,0,0,183,0.0,0,0,0,0,183,0.0,0,0,0,0,,,,,,,,,,,,,,,,,,,,,,,,,,,,,,,,,,,,,,,,,,,,,,,,,,,,,,,,,,,,,,,,,,,,,,,,,,,,,,,,,,,,,,,,,,,,,,,,,,,,,,,,,,,,,,,,,,,,,,,,,,,,,,,,,,,,,,,
B41L,66,0.0,0.0,0.0,0.0,0.0,66,0.0,0,0,0,0,66,0.0,0,0,0,0,66,0.0,0,0,0,0,,,,,,,,,,,,,,,,,,,,,,,,,,,,,,,,,,,,,,,,,,,,,,,,,,,,,,,,,,,,,,,,,,,,,,,,,,,,,,,,,,,,,,,,,,,,,,,,,,,,,,,,,,,,,,,,,,,,,,,,,,,,,,,,,,,,,,,
B41J,630,0.0,0.0,0.0,0.0,0.0,630,0.0,0,0,0,0,630,0.0,0,0,0,0,630,0.0,0,0,0,0,,,,,,,,,,,,,,,,,,,,,,,,,,,,,,,,,,,,,,,,,,,,,,,,,,,,,,,,,,,,,,,,,,,,,,,,,,,,,,,,,,,,,,,,,,,,,,,,,,,,,,,,,,,,,,,,,,,,,,,,,,,,,,,,,,,,,,,
G01J,524,0.0,0.0,0.0,0.0,0.0,524,0.0,0,0,0,0,524,0.0,0,0,0,0,524,0.0,0,0,0,0,,,,,,,,,,,,,,,,,,,,,,,,,,,,,,,,,,,,,,,,,,,,,,,,,,,,,,,,,,,,,,,,,,,,,,,,,,,,,,,,,,,,,,,,,,,,,,,,,,,,,,,,,,,,,,,,,,,,,,,,,,,,,,,,,,,,,,,
G01D,1039,0.0,0.0,0.0,0.0,0.0,1039,0.0,0,0,0,0,1039,0.0,0,0,0,0,1039,0.0,0,0,0,0,,,,,,,,,,,,,,,,,,,,,,,,,,,,,,,,,,,,,,,,,,,,,,,,,,,,,,,,,,,,,,,,,,,,,,,,,,,,,,,,,,,,,,,,,,,,,,,,,,,,,,,,,,,,,,,,,,,,,,,,,,,,,,,,,,,,,,,
G01C,298,0.0,0.0,0.0,0.0,0.0,298,0.0,0,0,0,0,298,0.0,0,0,0,0,298,0.0,0,0,0,0,,,,,,,,,,,,,,,,,,,,,,,,,,,,,,,,,,,,,,,,,,,,,,,,,,,,,,,,,,,,,,,,,,,,,,,,,,,,,,,,,,,,,,,,,,,,,,,,,,,,,,,,,,,,,,,,,,,,,,,,,,,,,,,,,,,,,,,
F41F,133,0.0,0.0,0.0,0.0,0.0,133,0.0,0,0,0,0,133,0.0,0,0,0,0,133,0.0,0,0,0,0,,,,,,,,,,,,,,,,,,,,,,,,,,,,,,,,,,,,,,,,,,,,,,,,,,,,,,,,,,,,,,,,,,,,,,,,,,,,,,,,,,,,,,,,,,,,,,,,,,,,,,,,,,,,,,,,,,,,,,,,,,,,,,,,,,,,,,,
B22C,118,0.0,0.0,0.0,0.0,0.0,118,0.0,0,0,0,0,118,0.0,0,0,0,0,118,0.0,0,0,0,0,,,,,,,,,,,,,,,,,,,,,,,,,,,,,,,,,,,,,,,,,,,,,,,,,,,,,,,,,,,,,,,,,,,,,,,,,,,,,,,,,,,,,,,,,,,,,,,,,,,,,,,,,,,,,,,,,,,,,,,,,,,,,,,,,,,,,,,
B31F,53,0.0,0.0,0.0,0.0,0.0,53,0.0,0,0,0,0,53,0.0,0,0,0,0,53,0.0,0,0,0,0,,,,,,,,,,,,,,,,,,,,,,,,,,,,,,,,,,,,,,,,,,,,,,,,,,,,,,,,,,,,,,,,,,,,,,,,,,,,,,,,,,,,,,,,,,,,,,,,,,,,,,,,,,,,,,,,,,,,,,,,,,,,,,,,,,,,,,,
B29D,175,0.0,0.0,0.0,0.0,0.0,175,0.0,0,0,0,0,175,0.0,0,0,0,0,175,0.0,0,0,0,0,,,,,,,,,,,,,,,,,,,,,,,,,,,,,,,,,,,,,,,,,,,,,,,,,,,,,,,,,,,,,,,,,,,,,,,,,,,,,,,,,,,,,,,,,,,,,,,,,,,,,,,,,,,,,,,,,,,,,,,,,,,,,,,,,,,,,,,
B28B,164,0.0,0.0,0.0,0.0,0.0,164,0.0,0,0,0,0,164,0.0,0,0,0,0,164,0.0,0,0,0,0,,,,,,,,,,,,,,,,,,,,,,,,,,,,,,,,,,,,,,,,,,,,,,,,,,,,,,,,,,,,,,,,,,,,,,,,,,,,,,,,,,,,,,,,,,,,,,,,,,,,,,,,,,,,,,,,,,,,,,,,,,,,,,,,,,,,,,,
B27L,61,0.0,0.0,0.0,0.0,0.0,61,0.0,0,0,0,0,61,0.0,0,0,0,0,61,0.0,0,0,0,0,,,,,,,,,,,,,,,,,,,,,,,,,,,,,,,,,,,,,,,,,,,,,,,,,,,,,,,,,,,,,,,,,,,,,,,,,,,,,,,,,,,,,,,,,,,,,,,,,,,,,,,,,,,,,,,,,,,,,,,,,,,,,,,,,,,,,,,
B27C,51,0.0,0.0,0.0,0.0,0.0,51,0.0,0,0,0,0,51,0.0,0,0,0,0,51,0.0,0,0,0,0,,,,,,,,,,,,,,,,,,,,,,,,,,,,,,,,,,,,,,,,,,,,,,,,,,,,,,,,,,,,,,,,,,,,,,,,,,,,,,,,,,,,,,,,,,,,,,,,,,,,,,,,,,,,,,,,,,,,,,,,,,,,,,,,,,,,,,,
B26B,254,0.0,0.0,0.0,0.0,0.0,254,0.0,0,0,0,0,254,0.0,0,0,0,0,254,0.0,0,0,0,0,,,,,,,,,,,,,,,,,,,,,,,,,,,,,,,,,,,,,,,,,,,,,,,,,,,,,,,,,,,,,,,,,,,,,,,,,,,,,,,,,,,,,,,,,,,,,,,,,,,,,,,,,,,,,,,,,,,,,,,,,,,,,,,,,,,,,,,
B25D,68,0.0,0.0,0.0,0.0,0.0,68,0.0,0,0,0,0,68,0.0,0,0,0,0,68,0.0,0,0,0,0,,,,,,,,,,,,,,,,,,,,,,,,,,,,,,,,,,,,,,,,,,,,,,,,,,,,,,,,,,,,,,,,,,,,,,,,,,,,,,,,,,,,,,,,,,,,,,,,,,,,,,,,,,,,,,,,,,,,,,,,,,,,,,,,,,,,,,,
B24D,112,0.0,0.0,0.0,0.0,0.0,112,0.0,0,0,0,0,112,0.0,0,0,0,0,112,0.0,0,0,0,0,,,,,,,,,,,,,,,,,,,,,,,,,,,,,,,,,,,,,,,,,,,,,,,,,,,,,,,,,,,,,,,,,,,,,,,,,,,,,,,,,,,,,,,,,,,,,,,,,,,,,,,,,,,,,,,,,,,,,,,,,,,,,,,,,,,,,,,
B24C,63,0.0,0.0,0.0,0.0,0.0,63,0.0,0,0,0,0,63,0.0,0,0,0,0,63,0.0,0,0,0,0,,,,,,,,,,,,,,,,,,,,,,,,,,,,,,,,,,,,,,,,,,,,,,,,,,,,,,,,,,,,,,,,,,,,,,,,,,,,,,,,,,,,,,,,,,,,,,,,,,,,,,,,,,,,,,,,,,,,,,,,,,,,,,,,,,,,,,,
B23Q,328,0.0,0.0,0.0,0.0,0.0,328,0.0,0,0,0,0,328,0.0,0,0,0,0,328,0.0,0,0,0,0,,,,,,,,,,,,,,,,,,,,,,,,,,,,,,,,,,,,,,,,,,,,,,,,,,,,,,,,,,,,,,,,,,,,,,,,,,,,,,,,,,,,,,,,,,,,,,,,,,,,,,,,,,,,,,,,,,,,,,,,,,,,,,,,,,,,,,,
B23P,610,0.0,0.0,0.0,0.0,0.0,610,0.0,0,0,0,0,610,0.0,0,0,0,0,610,0.0,0,0,0,0,,,,,,,,,,,,,,,,,,,,,,,,,,,,,,,,,,,,,,,,,,,,,,,,,,,,,,,,,,,,,,,,,,,,,,,,,,,,,,,,,,,,,,,,,,,,,,,,,,,,,,,,,,,,,,,,,,,,,,,,,,,,,,,,,,,,,,,
B23H,146,0.0,0.0,0.0,0.0,0.0,146,0.0,0,0,0,0,146,0.0,0,0,0,0,146,0.0,0,0,0,0,,,,,,,,,,,,,,,,,,,,,,,,,,,,,,,,,,,,,,,,,,,,,,,,,,,,,,,,,,,,,,,,,,,,,,,,,,,,,,,,,,,,,,,,,,,,,,,,,,,,,,,,,,,,,,,,,,,,,,,,,,,,,,,,,,,,,,,
B22F,265,0.0,0.0,0.0,0.0,0.0,265,0.0,0,0,0,0,265,0.0,0,0,0,0,265,0.0,0,0,0,0,,,,,,,,,,,,,,,,,,,,,,,,,,,,,,,,,,,,,,,,,,,,,,,,,,,,,,,,,,,,,,,,,,,,,,,,,,,,,,,,,,,,,,,,,,,,,,,,,,,,,,,,,,,,,,,,,,,,,,,,,,,,,,,,,,,,,,,
B22D,460,0.0,0.0,0.0,0.0,0.0,460,0.0,0,0,0,0,460,0.0,0,0,0,0,460,0.0,0,0,0,0,,,,,,,,,,,,,,,,,,,,,,,,,,,,,,,,,,,,,,,,,,,,,,,,,,,,,,,,,,,,,,,,,,,,,,,,,,,,,,,,,,,,,,,,,,,,,,,,,,,,,,,,,,,,,,,,,,,,,,,,,,,,,,,,,,,,,,,
G03G,1407,0.0,0.0,0.0,0.0,0.0,1407,0.0,0,0,0,0,1407,0.0,0,0,0,0,1407,0.0,0,0,0,0,,,,,,,,,,,,,,,,,,,,,,,,,,,,,,,,,,,,,,,,,,,,,,,,,,,,,,,,,,,,,,,,,,,,,,,,,,,,,,,,,,,,,,,,,,,,,,,,,,,,,,,,,,,,,,,,,,,,,,,,,,,,,,,,,,,,,,,
G02F,689,0.0,0.0,0.0,0.0,0.0,689,0.0,0,0,0,0,689,0.0,0,0,0,0,689,0.0,0,0,0,0,,,,,,,,,,,,,,,,,,,,,,,,,,,,,,,,,,,,,,,,,,,,,,,,,,,,,,,,,,,,,,,,,,,,,,,,,,,,,,,,,,,,,,,,,,,,,,,,,,,,,,,,,,,,,,,,,,,,,,,,,,,,,,,,,,,,,,,
G01V,548,0.0,0.0,0.0,0.0,0.0,548,0.0,0,0,0,0,548,0.0,0,0,0,0,548,0.0,0,0,0,0,,,,,,,,,,,,,,,,,,,,,,,,,,,,,,,,,,,,,,,,,,,,,,,,,,,,,,,,,,,,,,,,,,,,,,,,,,,,,,,,,,,,,,,,,,,,,,,,,,,,,,,,,,,,,,,,,,,,,,,,,,,,,,,,,,,,,,,
B21J,77,0.0,0.0,0.0,0.0,0.0,77,0.0,0,0,0,0,77,0.0,0,0,0,0,77,0.0,0,0,0,0,,,,,,,,,,,,,,,,,,,,,,,,,,,,,,,,,,,,,,,,,,,,,,,,,,,,,,,,,,,,,,,,,,,,,,,,,,,,,,,,,,,,,,,,,,,,,,,,,,,,,,,,,,,,,,,,,,,,,,,,,,,,,,,,,,,,,,,
B21F,113,0.0,0.0,0.0,0.0,0.0,113,0.0,0,0,0,0,113,0.0,0,0,0,0,113,0.0,0,0,0,0,,,,,,,,,,,,,,,,,,,,,,,,,,,,,,,,,,,,,,,,,,,,,,,,,,,,,,,,,,,,,,,,,,,,,,,,,,,,,,,,,,,,,,,,,,,,,,,,,,,,,,,,,,,,,,,,,,,,,,,,,,,,,,,,,,,,,,,
B21D,637,0.0,0.0,0.0,0.0,0.0,637,0.0,0,0,0,0,637,0.0,0,0,0,0,637,0.0,0,0,0,0,,,,,,,,,,,,,,,,,,,,,,,,,,,,,,,,,,,,,,,,,,,,,,,,,,,,,,,,,,,,,,,,,,,,,,,,,,,,,,,,,,,,,,,,,,,,,,,,,,,,,,,,,,,,,,,,,,,,,,,,,,,,,,,,,,,,,,,
B07B,105,0.0,0.0,0.0,0.0,0.0,105,0.0,0,0,0,0,105,0.0,0,0,0,0,105,0.0,0,0,0,0,,,,,,,,,,,,,,,,,,,,,,,,,,,,,,,,,,,,,,,,,,,,,,,,,,,,,,,,,,,,,,,,,,,,,,,,,,,,,,,,,,,,,,,,,,,,,,,,,,,,,,,,,,,,,,,,,,,,,,,,,,,,,,,,,,,,,,,
B05C,287,0.0,0.0,0.0,0.0,0.0,287,0.0,0,0,0,0,287,0.0,0,0,0,0,287,0.0,0,0,0,0,,,,,,,,,,,,,,,,,,,,,,,,,,,,,,,,,,,,,,,,,,,,,,,,,,,,,,,,,,,,,,,,,,,,,,,,,,,,,,,,,,,,,,,,,,,,,,,,,,,,,,,,,,,,,,,,,,,,,,,,,,,,,,,,,,,,,,,
B03D,81,0.0,0.0,0.0,0.0,0.0,81,0.0,0,0,0,0,81,0.0,0,0,0,0,81,0.0,0,0,0,0,,,,,,,,,,,,,,,,,,,,,,,,,,,,,,,,,,,,,,,,,,,,,,,,,,,,,,,,,,,,,,,,,,,,,,,,,,,,,,,,,,,,,,,,,,,,,,,,,,,,,,,,,,,,,,,,,,,,,,,,,,,,,,,,,,,,,,,
G10H,111,0.0,0.0,0.0,0.0,0.0,111,0.0,0,0,0,0,111,0.0,0,0,0,0,111,0.0,0,0,0,0,,,,,,,,,,,,,,,,,,,,,,,,,,,,,,,,,,,,,,,,,,,,,,,,,,,,,,,,,,,,,,,,,,,,,,,,,,,,,,,,,,,,,,,,,,,,,,,,,,,,,,,,,,,,,,,,,,,,,,,,,,,,,,,,,,,,,,,
G09G,551,0.0,0.0,0.0,0.0,0.0,551,0.0,0,0,0,0,551,0.0,0,0,0,0,551,0.0,0,0,0,0,,,,,,,,,,,,,,,,,,,,,,,,,,,,,,,,,,,,,,,,,,,,,,,,,,,,,,,,,,,,,,,,,,,,,,,,,,,,,,,,,,,,,,,,,,,,,,,,,,,,,,,,,,,,,,,,,,,,,,,,,,,,,,,,,,,,,,,
G09F,408,0.0,0.0,0.0,0.0,0.0,408,0.0,0,0,0,0,408,0.0,0,0,0,0,408,0.0,0,0,0,0,,,,,,,,,,,,,,,,,,,,,,,,,,,,,,,,,,,,,,,,,,,,,,,,,,,,,,,,,,,,,,,,,,,,,,,,,,,,,,,,,,,,,,,,,,,,,,,,,,,,,,,,,,,,,,,,,,,,,,,,,,,,,,,,,,,,,,,
G09B,277,0.0,0.0,0.0,0.0,0.0,277,0.0,0,0,0,0,277,0.0,0,0,0,0,277,0.0,0,0,0,0,,,,,,,,,,,,,,,,,,,,,,,,,,,,,,,,,,,,,,,,,,,,,,,,,,,,,,,,,,,,,,,,,,,,,,,,,,,,,,,,,,,,,,,,,,,,,,,,,,,,,,,,,,,,,,,,,,,,,,,,,,,,,,,,,,,,,,,
G08G,67,0.0,0.0,0.0,0.0,0.0,67,0.0,0,0,0,0,67,0.0,0,0,0,0,67,0.0,0,0,0,0,,,,,,,,,,,,,,,,,,,,,,,,,,,,,,,,,,,,,,,,,,,,,,,,,,,,,,,,,,,,,,,,,,,,,,,,,,,,,,,,,,,,,,,,,,,,,,,,,,,,,,,,,,,,,,,,,,,,,,,,,,,,,,,,,,,,,,,
G08C,166,0.0,0.0,0.0,0.0,0.0,166,0.0,0,0,0,0,166,0.0,0,0,0,0,166,0.0,0,0,0,0,,,,,,,,,,,,,,,,,,,,,,,,,,,,,,,,,,,,,,,,,,,,,,,,,,,,,,,,,,,,,,,,,,,,,,,,,,,,,,,,,,,,,,,,,,,,,,,,,,,,,,,,,,,,,,,,,,,,,,,,,,,,,,,,,,,,,,,
G07F,109,0.0,0.0,0.0,0.0,0.0,109,0.0,0,0,0,0,109,0.0,0,0,0,0,109,0.0,0,0,0,0,,,,,,,,,,,,,,,,,,,,,,,,,,,,,,,,,,,,,,,,,,,,,,,,,,,,,,,,,,,,,,,,,,,,,,,,,,,,,,,,,,,,,,,,,,,,,,,,,,,,,,,,,,,,,,,,,,,,,,,,,,,,,,,,,,,,,,,
G06K,828,0.0,0.0,0.0,0.0,0.0,828,0.0,0,0,0,0,828,0.0,0,0,0,0,828,0.0,0,0,0,0,,,,,,,,,,,,,,,,,,,,,,,,,,,,,,,,,,,,,,,,,,,,,,,,,,,,,,,,,,,,,,,,,,,,,,,,,,,,,,,,,,,,,,,,,,,,,,,,,,,,,,,,,,,,,,,,,,,,,,,,,,,,,,,,,,,,,,,
G05G,221,0.0,0.0,0.0,0.0,0.0,221,0.0,0,0,0,0,221,0.0,0,0,0,0,221,0.0,0,0,0,0,,,,,,,,,,,,,,,,,,,,,,,,,,,,,,,,,,,,,,,,,,,,,,,,,,,,,,,,,,,,,,,,,,,,,,,,,,,,,,,,,,,,,,,,,,,,,,,,,,,,,,,,,,,,,,,,,,,,,,,,,,,,,,,,,,,,,,,
G05F,251,0.0,0.0,0.0,0.0,0.0,251,0.0,0,0,0,0,251,0.0,0,0,0,0,251,0.0,0,0,0,0,,,,,,,,,,,,,,,,,,,,,,,,,,,,,,,,,,,,,,,,,,,,,,,,,,,,,,,,,,,,,,,,,,,,,,,,,,,,,,,,,,,,,,,,,,,,,,,,,,,,,,,,,,,,,,,,,,,,,,,,,,,,,,,,,,,,,,,
A63G,60,0.0,0.0,0.0,0.0,0.0,60,0.0,0,0,0,0,60,0.0,0,0,0,0,60,0.0,0,0,0,0,,,,,,,,,,,,,,,,,,,,,,,,,,,,,,,,,,,,,,,,,,,,,,,,,,,,,,,,,,,,,,,,,,,,,,,,,,,,,,,,,,,,,,,,,,,,,,,,,,,,,,,,,,,,,,,,,,,,,,,,,,,,,,,,,,,,,,,
A63C,235,0.0,0.0,0.0,0.0,0.0,235,0.0,0,0,0,0,235,0.0,0,0,0,0,235,0.0,0,0,0,0,,,,,,,,,,,,,,,,,,,,,,,,,,,,,,,,,,,,,,,,,,,,,,,,,,,,,,,,,,,,,,,,,,,,,,,,,,,,,,,,,,,,,,,,,,,,,,,,,,,,,,,,,,,,,,,,,,,,,,,,,,,,,,,,,,,,,,,
A62C,95,0.0,0.0,0.0,0.0,0.0,95,0.0,0,0,0,0,95,0.0,0,0,0,0,95,0.0,0,0,0,0,,,,,,,,,,,,,,,,,,,,,,,,,,,,,,,,,,,,,,,,,,,,,,,,,,,,,,,,,,,,,,,,,,,,,,,,,,,,,,,,,,,,,,,,,,,,,,,,,,,,,,,,,,,,,,,,,,,,,,,,,,,,,,,,,,,,,,,
A61J,68,0.0,0.0,0.0,0.0,0.0,68,0.0,0,0,0,0,68,0.0,0,0,0,0,68,0.0,0,0,0,0,,,,,,,,,,,,,,,,,,,,,,,,,,,,,,,,,,,,,,,,,,,,,,,,,,,,,,,,,,,,,,,,,,,,,,,,,,,,,,,,,,,,,,,,,,,,,,,,,,,,,,,,,,,,,,,,,,,,,,,,,,,,,,,,,,,,,,,
A61C,462,0.0,0.0,0.0,0.0,0.0,462,0.0,0,0,0,0,462,0.0,0,0,0,0,462,0.0,0,0,0,0,,,,,,,,,,,,,,,,,,,,,,,,,,,,,,,,,,,,,,,,,,,,,,,,,,,,,,,,,,,,,,,,,,,,,,,,,,,,,,,,,,,,,,,,,,,,,,,,,,,,,,,,,,,,,,,,,,,,,,,,,,,,,,,,,,,,,,,
A47K,208,0.0,0.0,0.0,0.0,0.0,208,0.0,0,0,0,0,208,0.0,0,0,0,0,208,0.0,0,0,0,0,,,,,,,,,,,,,,,,,,,,,,,,,,,,,,,,,,,,,,,,,,,,,,,,,,,,,,,,,,,,,,,,,,,,,,,,,,,,,,,,,,,,,,,,,,,,,,,,,,,,,,,,,,,,,,,,,,,,,,,,,,,,,,,,,,,,,,,
A47H,88,0.0,0.0,0.0,0.0,0.0,88,0.0,0,0,0,0,88,0.0,0,0,0,0,88,0.0,0,0,0,0,,,,,,,,,,,,,,,,,,,,,,,,,,,,,,,,,,,,,,,,,,,,,,,,,,,,,,,,,,,,,,,,,,,,,,,,,,,,,,,,,,,,,,,,,,,,,,,,,,,,,,,,,,,,,,,,,,,,,,,,,,,,,,,,,,,,,,,
A47G,381,0.0,0.0,0.0,0.0,0.0,381,0.0,0,0,0,0,381,0.0,0,0,0,0,381,0.0,0,0,0,0,,,,,,,,,,,,,,,,,,,,,,,,,,,,,,,,,,,,,,,,,,,,,,,,,,,,,,,,,,,,,,,,,,,,,,,,,,,,,,,,,,,,,,,,,,,,,,,,,,,,,,,,,,,,,,,,,,,,,,,,,,,,,,,,,,,,,,,
A47F,411,0.0,0.0,0.0,0.0,0.0,411,0.0,0,0,0,0,411,0.0,0,0,0,0,411,0.0,0,0,0,0,,,,,,,,,,,,,,,,,,,,,,,,,,,,,,,,,,,,,,,,,,,,,,,,,,,,,,,,,,,,,,,,,,,,,,,,,,,,,,,,,,,,,,,,,,,,,,,,,,,,,,,,,,,,,,,,,,,,,,,,,,,,,,,,,,,,,,,
A47D,73,0.0,0.0,0.0,0.0,0.0,73,0.0,0,0,0,0,73,0.0,0,0,0,0,73,0.0,0,0,0,0,,,,,,,,,,,,,,,,,,,,,,,,,,,,,,,,,,,,,,,,,,,,,,,,,,,,,,,,,,,,,,,,,,,,,,,,,,,,,,,,,,,,,,,,,,,,,,,,,,,,,,,,,,,,,,,,,,,,,,,,,,,,,,,,,,,,,,,
G05D,282,0.0,0.0,0.0,0.0,0.0,282,0.0,0,0,0,0,282,0.0,0,0,0,0,282,0.0,0,0,0,0,,,,,,,,,,,,,,,,,,,,,,,,,,,,,,,,,,,,,,,,,,,,,,,,,,,,,,,,,,,,,,,,,,,,,,,,,,,,,,,,,,,,,,,,,,,,,,,,,,,,,,,,,,,,,,,,,,,,,,,,,,,,,,,,,,,,,,,
H01P,303,0.0,0.0,0.0,0.0,0.0,303,0.0,0,0,0,0,303,0.0,0,0,0,0,303,0.0,0,0,0,0,,,,,,,,,,,,,,,,,,,,,,,,,,,,,,,,,,,,,,,,,,,,,,,,,,,,,,,,,,,,,,,,,,,,,,,,,,,,,,,,,,,,,,,,,,,,,,,,,,,,,,,,,,,,,,,,,,,,,,,,,,,,,,,,,,,,,,,
H01H,1101,0.0,0.0,0.0,0.0,0.0,1101,0.0,0,0,0,0,1101,0.0,0,0,0,0,1101,0.0,0,0,0,0,,,,,,,,,,,,,,,,,,,,,,,,,,,,,,,,,,,,,,,,,,,,,,,,,,,,,,,,,,,,,,,,,,,,,,,,,,,,,,,,,,,,,,,,,,,,,,,,,,,,,,,,,,,,,,,,,,,,,,,,,,,,,,,,,,,,,,,
H01G,237,0.0,0.0,0.0,0.0,0.0,237,0.0,0,0,0,0,237,0.0,0,0,0,0,237,0.0,0,0,0,0,,,,,,,,,,,,,,,,,,,,,,,,,,,,,,,,,,,,,,,,,,,,,,,,,,,,,,,,,,,,,,,,,,,,,,,,,,,,,,,,,,,,,,,,,,,,,,,,,,,,,,,,,,,,,,,,,,,,,,,,,,,,,,,,,,,,,,,
H01B,329,0.0,0.0,0.0,0.0,0.0,329,0.0,0,0,0,0,329,0.0,0,0,0,0,329,0.0,0,0,0,0,,,,,,,,,,,,,,,,,,,,,,,,,,,,,,,,,,,,,,,,,,,,,,,,,,,,,,,,,,,,,,,,,,,,,,,,,,,,,,,,,,,,,,,,,,,,,,,,,,,,,,,,,,,,,,,,,,,,,,,,,,,,,,,,,,,,,,,
G21K,120,0.0,0.0,0.0,0.0,0.0,120,0.0,0,0,0,0,120,0.0,0,0,0,0,120,0.0,0,0,0,0,,,,,,,,,,,,,,,,,,,,,,,,,,,,,,,,,,,,,,,,,,,,,,,,,,,,,,,,,,,,,,,,,,,,,,,,,,,,,,,,,,,,,,,,,,,,,,,,,,,,,,,,,,,,,,,,,,,,,,,,,,,,,,,,,,,,,,,
A46B,168,0.0,0.0,0.0,0.0,0.0,168,0.0,0,0,0,0,168,0.0,0,0,0,0,168,0.0,0,0,0,0,,,,,,,,,,,,,,,,,,,,,,,,,,,,,,,,,,,,,,,,,,,,,,,,,,,,,,,,,,,,,,,,,,,,,,,,,,,,,,,,,,,,,,,,,,,,,,,,,,,,,,,,,,,,,,,,,,,,,,,,,,,,,,,,,,,,,,,
A45C,147,0.0,0.0,0.0,0.0,0.0,147,0.0,0,0,0,0,147,0.0,0,0,0,0,147,0.0,0,0,0,0,,,,,,,,,,,,,,,,,,,,,,,,,,,,,,,,,,,,,,,,,,,,,,,,,,,,,,,,,,,,,,,,,,,,,,,,,,,,,,,,,,,,,,,,,,,,,,,,,,,,,,,,,,,,,,,,,,,,,,,,,,,,,,,,,,,,,,,
A44C,92,0.0,0.0,0.0,0.0,0.0,92,0.0,0,0,0,0,92,0.0,0,0,0,0,92,0.0,0,0,0,0,,,,,,,,,,,,,,,,,,,,,,,,,,,,,,,,,,,,,,,,,,,,,,,,,,,,,,,,,,,,,,,,,,,,,,,,,,,,,,,,,,,,,,,,,,,,,,,,,,,,,,,,,,,,,,,,,,,,,,,,,,,,,,,,,,,,,,,
A43B,307,0.0,0.0,0.0,0.0,0.0,307,0.0,0,0,0,0,307,0.0,0,0,0,0,307,0.0,0,0,0,0,,,,,,,,,,,,,,,,,,,,,,,,,,,,,,,,,,,,,,,,,,,,,,,,,,,,,,,,,,,,,,,,,,,,,,,,,,,,,,,,,,,,,,,,,,,,,,,,,,,,,,,,,,,,,,,,,,,,,,,,,,,,,,,,,,,,,,,
A41D,289,0.0,0.0,0.0,0.0,0.0,289,0.0,0,0,0,0,289,0.0,0,0,0,0,289,0.0,0,0,0,0,,,,,,,,,,,,,,,,,,,,,,,,,,,,,,,,,,,,,,,,,,,,,,,,,,,,,,,,,,,,,,,,,,,,,,,,,,,,,,,,,,,,,,,,,,,,,,,,,,,,,,,,,,,,,,,,,,,,,,,,,,,,,,,,,,,,,,,
A41B,58,0.0,0.0,0.0,0.0,0.0,58,0.0,0,0,0,0,58,0.0,0,0,0,0,58,0.0,0,0,0,0,,,,,,,,,,,,,,,,,,,,,,,,,,,,,,,,,,,,,,,,,,,,,,,,,,,,,,,,,,,,,,,,,,,,,,,,,,,,,,,,,,,,,,,,,,,,,,,,,,,,,,,,,,,,,,,,,,,,,,,,,,,,,,,,,,,,,,,
A24D,76,0.0,0.0,0.0,0.0,0.0,76,0.0,0,0,0,0,76,0.0,0,0,0,0,76,0.0,0,0,0,0,,,,,,,,,,,,,,,,,,,,,,,,,,,,,,,,,,,,,,,,,,,,,,,,,,,,,,,,,,,,,,,,,,,,,,,,,,,,,,,,,,,,,,,,,,,,,,,,,,,,,,,,,,,,,,,,,,,,,,,,,,,,,,,,,,,,,,,
A24B,70,0.0,0.0,0.0,0.0,0.0,70,0.0,0,0,0,0,70,0.0,0,0,0,0,70,0.0,0,0,0,0,,,,,,,,,,,,,,,,,,,,,,,,,,,,,,,,,,,,,,,,,,,,,,,,,,,,,,,,,,,,,,,,,,,,,,,,,,,,,,,,,,,,,,,,,,,,,,,,,,,,,,,,,,,,,,,,,,,,,,,,,,,,,,,,,,,,,,,
G10L,222,0.0,0.0,0.0,0.0,0.0,222,0.0,0,0,0,0,222,0.0,0,0,0,0,222,0.0,0,0,0,0,,,,,,,,,,,,,,,,,,,,,,,,,,,,,,,,,,,,,,,,,,,,,,,,,,,,,,,,,,,,,,,,,,,,,,,,,,,,,,,,,,,,,,,,,,,,,,,,,,,,,,,,,,,,,,,,,,,,,,,,,,,,,,,,,,,,,,,
A01B,213,0.0,0.0,0.0,0.0,0.0,213,0.0,0,0,0,0,213,0.0,0,0,0,0,213,0.0,0,0,0,0,,,,,,,,,,,,,,,,,,,,,,,,,,,,,,,,,,,,,,,,,,,,,,,,,,,,,,,,,,,,,,,,,,,,,,,,,,,,,,,,,,,,,,,,,,,,,,,,,,,,,,,,,,,,,,,,,,,,,,,,,,,,,,,,,,,,,,,
H05G,92,0.0,0.0,0.0,0.0,0.0,92,0.0,0,0,0,0,92,0.0,0,0,0,0,92,0.0,0,0,0,0,,,,,,,,,,,,,,,,,,,,,,,,,,,,,,,,,,,,,,,,,,,,,,,,,,,,,,,,,,,,,,,,,,,,,,,,,,,,,,,,,,,,,,,,,,,,,,,,,,,,,,,,,,,,,,,,,,,,,,,,,,,,,,,,,,,,,,,
H05F,65,0.0,0.0,0.0,0.0,0.0,65,0.0,0,0,0,0,65,0.0,0,0,0,0,65,0.0,0,0,0,0,,,,,,,,,,,,,,,,,,,,,,,,,,,,,,,,,,,,,,,,,,,,,,,,,,,,,,,,,,,,,,,,,,,,,,,,,,,,,,,,,,,,,,,,,,,,,,,,,,,,,,,,,,,,,,,,,,,,,,,,,,,,,,,,,,,,,,,
H04M,818,0.0,0.0,0.0,0.0,0.0,818,0.0,0,0,0,0,818,0.0,0,0,0,0,818,0.0,0,0,0,0,,,,,,,,,,,,,,,,,,,,,,,,,,,,,,,,,,,,,,,,,,,,,,,,,,,,,,,,,,,,,,,,,,,,,,,,,,,,,,,,,,,,,,,,,,,,,,,,,,,,,,,,,,,,,,,,,,,,,,,,,,,,,,,,,,,,,,,
H04L,473,0.0,0.0,0.0,0.0,0.0,473,0.0,0,0,0,0,473,0.0,0,0,0,0,473,0.0,0,0,0,0,,,,,,,,,,,,,,,,,,,,,,,,,,,,,,,,,,,,,,,,,,,,,,,,,,,,,,,,,,,,,,,,,,,,,,,,,,,,,,,,,,,,,,,,,,,,,,,,,,,,,,,,,,,,,,,,,,,,,,,,,,,,,,,,,,,,,,,
H04K,76,0.0,0.0,0.0,0.0,0.0,76,0.0,0,0,0,0,76,0.0,0,0,0,0,76,0.0,0,0,0,0,,,,,,,,,,,,,,,,,,,,,,,,,,,,,,,,,,,,,,,,,,,,,,,,,,,,,,,,,,,,,,,,,,,,,,,,,,,,,,,,,,,,,,,,,,,,,,,,,,,,,,,,,,,,,,,,,,,,,,,,,,,,,,,,,,,,,,,
H04H,77,0.0,0.0,0.0,0.0,0.0,77,0.0,0,0,0,0,77,0.0,0,0,0,0,77,0.0,0,0,0,0,,,,,,,,,,,,,,,,,,,,,,,,,,,,,,,,,,,,,,,,,,,,,,,,,,,,,,,,,,,,,,,,,,,,,,,,,,,,,,,,,,,,,,,,,,,,,,,,,,,,,,,,,,,,,,,,,,,,,,,,,,,,,,,,,,,,,,,
H03M,347,0.0,0.0,0.0,0.0,0.0,347,0.0,0,0,0,0,347,0.0,0,0,0,0,347,0.0,0,0,0,0,,,,,,,,,,,,,,,,,,,,,,,,,,,,,,,,,,,,,,,,,,,,,,,,,,,,,,,,,,,,,,,,,,,,,,,,,,,,,,,,,,,,,,,,,,,,,,,,,,,,,,,,,,,,,,,,,,,,,,,,,,,,,,,,,,,,,,,
H03L,131,0.0,0.0,0.0,0.0,0.0,131,0.0,0,0,0,0,131,0.0,0,0,0,0,131,0.0,0,0,0,0,,,,,,,,,,,,,,,,,,,,,,,,,,,,,,,,,,,,,,,,,,,,,,,,,,,,,,,,,,,,,,,,,,,,,,,,,,,,,,,,,,,,,,,,,,,,,,,,,,,,,,,,,,,,,,,,,,,,,,,,,,,,,,,,,,,,,,,
A01C,134,0.0,0.0,0.0,0.0,0.0,134,0.0,0,0,0,0,134,0.0,0,0,0,0,134,0.0,0,0,0,0,,,,,,,,,,,,,,,,,,,,,,,,,,,,,,,,,,,,,,,,,,,,,,,,,,,,,,,,,,,,,,,,,,,,,,,,,,,,,,,,,,,,,,,,,,,,,,,,,,,,,,,,,,,,,,,,,,,,,,,,,,,,,,,,,,,,,,,
